cod_especie,nom_especie,nom_popular,nom_familia,cod_especie_imp,num_hematocrito_esp,nom_ingles,ind_especie,cod_raca,nom_raca,ind_ani_silvestre,ind_porte,cod_pelagem,tip_pelagem
2,FELINA,FELINA,FELINA,,,FELINE,OU,183,ABSSINIO,N,,,
1,CANINA,CANINA,CANINA,,,CANINE,OU,99,AFGHAN HOUND,N,,,
24,PEIXE,PEIXE,PEIXE,,,FISH,OU,291,AGAPONIS,S,,,
1,CANINA,CANINA,CANINA,,,CANINE,OU,78,AIREDALE TERRIER,N,,,
1,CANINA,CANINA,CANINA,,,CANINE,OU,40,AKITA,N,,,
1,CANINA,CANINA,CANINA,,,CANINE,OU,407,AMERICAN BULLY,N,G,233.0,C
1,CANINA,CANINA,CANINA,,,CANINE,OU,114,AMERICAN ESKIMO,N,,,
1,CANINA,CANINA,CANINA,,,CANINE,OU,218,AMERICAN PIT BULL TERRIER,N,,,
2,FELINA,FELINA,FELINA,,,FELINE,OU,55,AMERICAN SHORT HAIR,N,,,
1,CANINA,CANINA,CANINA,,,CANINE,OU,158,AMERICAN STAFFORDSHIRE ,N,,,
5,EQUINA,EQUINA,,,,EQUINE,OU,280,ANDALUZ,N,,,
7,CAPRINA,CAPRINA,,,,CAPRINE,OU,225,ANGLO-NUBIANA,N,,,
5,EQUINA,EQUINA,,,,EQUINE,OU,61,ANGLO ARABE,N,,,
2,FELINA,FELINA,FELINA,,,FELINE,OU,6,ANGORA,N,,,
4,EQUINO DE TRAÇÃO ,EQUINO DE TRAÇÃO ,,,,EQUINE,OU,67,APALOOSA,N,,,
5,EQUINA,EQUINA,,,,EQUINE,OU,235,ARABE,N,,,
1,CANINA,CANINA,CANINA,,,CANINE,OU,231,AUSTRALIAN CATTLE DOG,N,,,
1,CANINA,CANINA,CANINA,,,CANINE,OU,186,AUSTRALIAN SHEPHERD,N,,,
1,CANINA,CANINA,CANINA,,,CANINE,OU,243,AUSTRALIAN SILKY TERRIER,N,,,
1,CANINA,CANINA,CANINA,,,CANINE,OU,113,AUSTRALIAN TERRIER,N,,,
2,FELINA,FELINA,FELINA,,,FELINE,OU,234,BALINESE,N,,,
1,CANINA,CANINA,CANINA,,,CANINE,OU,115,BASSENGI,N,,,
1,CANINA,CANINA,CANINA,,,CANINE,OU,82,BASSET HOUND,N,,,
1,CANINA,CANINA,CANINA,,,CANINE,OU,46,BEAGLE,N,,,
1,CANINA,CANINA,CANINA,,,CANINE,OU,285,BEARD COLLIE,N,,,
2,FELINA,FELINA,FELINA,,,FELINE,OU,185,BENGAL,N,,,
1,CANINA,CANINA,CANINA,,,CANINE,OU,35,BERNESE MOUNTAIN DOG,N,,,
1,CANINA,CANINA,CANINA,,,CANINE,OU,69,BICHON FRISE,N,,,
1,CANINA,CANINA,CANINA,,,CANINE,OU,410,BICHON FRISÉ C/ LHASA APSO,N,M,,M
1,CANINA,CANINA,CANINA,,,CANINE,OU,257,BICHON HAVANÊS,N,,,
2,FELINA,FELINA,FELINA,,,FELINE,OU,192,BIRMANES,N,,,
1,CANINA,CANINA,CANINA,,,CANINE,OU,125,BLOOD HOUND,N,,,
1,CANINA,CANINA,CANINA,,,CANINE,OU,136,BLUE HEELER,N,,,
7,CAPRINA,CAPRINA,,,,CAPRINE,OU,220,BOERBOEL,N,,,
1,CANINA,CANINA,CANINA,,,CANINE,OU,81,BORDER COLLIE,N,,,
1,CANINA,CANINA,CANINA,,,CANINE,OU,238,BORDER TERRIER,N,,,
1,CANINA,CANINA,CANINA,,,CANINE,OU,209,BORZOI,N,,,
1,CANINA,CANINA,CANINA,,,CANINE,OU,116,BOSTON TERRIER,N,,,
1,CANINA,CANINA,CANINA,,,CANINE,OU,189,BOUVIER DES FLANDRES,N,,,
1,CANINA,CANINA,CANINA,,,CANINE,OU,5,BOXER,N,,,
1,CANINA,CANINA,CANINA,,,CANINE,OU,103,BRACO ALEMÃO,N,,,
1,CANINA,CANINA,CANINA,,,CANINE,OU,292,BRACO ESLOVACO,N,,,
1,CANINA,CANINA,CANINA,,,CANINE,OU,117,BRACO ITALIANO,N,,,
1,CANINA,CANINA,CANINA,,,CANINE,OU,406,BRASILEIRA,N,M,418.0,C
5,EQUINA,EQUINA,,,,EQUINE,OU,68,BRASILEIRO DE HIPISMO,N,,,
4,EQUINO DE TRAÇÃO ,EQUINO DE TRAÇÃO ,,,,EQUINE,OU,66,BRETÃO,N,,,
2,FELINA,FELINA,FELINA,,,FELINE,OU,105,BRITISH BLUE,N,,,
2,FELINA,FELINA,FELINA,,,FELINE,OU,150,BRITISH SHORT HAIR,N,,,
1,CANINA,CANINA,CANINA,,,CANINE,OU,118,BULL MASTIFF,N,,,
1,CANINA,CANINA,CANINA,,,CANINE,OU,77,BULL TERRIER,N,,,
1,CANINA,CANINA,CANINA,,,CANINE,OU,130,BULLDOG,N,,,
1,CANINA,CANINA,CANINA,,,CANINE,OU,111,BULLDOG AMERICANO,N,,,
1,CANINA,CANINA,CANINA,,,CANINE,OU,409,BULLDOG CAMPELO,N,G,,C
1,CANINA,CANINA,CANINA,,,CANINE,OU,94,BULLDOG FRANCÊS,N,,,
1,CANINA,CANINA,CANINA,,,CANINE,OU,88,BULLDOG INGLÊS,N,,,
2,FELINA,FELINA,FELINA,,,FELINE,OU,211,BURMES,N,,,
1,CANINA,CANINA,CANINA,,,CANINE,OU,402,BURRILE,N,,,
1,CANINA,CANINA,CANINA,,,CANINE,OU,119,CAIRN TERRIER,N,,,
16,AVE,AVE,,,,BIRD,OU,156,CALOPSITA,S,,,
4,EQUINO DE TRAÇÃO ,EQUINO DE TRAÇÃO ,,,,EQUINE,OU,64,CAMPOLINA,N,,,
16,AVE,AVE,,,,BIRD,OU,276,CANARIO DO REINO,S,,,
1,CANINA,CANINA,CANINA,,,CANINE,OU,120,CANE CORSO,N,,,
1,CANINA,CANINA,CANINA,,,CANINE,OU,229,CAO D´AGUA PORTUGUES,N,,,
9,REPTIL,REPTIL,,,,REPTILE,OU,14,CASCAVEL,N,,,
1,CANINA,CANINA,CANINA,,,CANINE,OU,133,CAVALIER KING CHARLES SPA,N,,,
2,FELINA,FELINA,FELINA,,,FELINE,OU,154,CERTOSINA,N,,,
1,CANINA,CANINA,CANINA,,,CANINE,OU,403,CHARTREUX,N,P,272.0,C
2,FELINA,FELINA,FELINA,,,FELINE,OU,403,CHARTREUX,N,P,272.0,C
1,CANINA,CANINA,CANINA,,,CANINE,OU,107,CHIHUAHUA,N,,,
18,ROEDOR,ROEDOR,,,,RAT,OU,244,CHINCHILA,N,,,
1,CANINA,CANINA,CANINA,,,CANINE,OU,262,CHINESE CRESTED,N,,,
1,CANINA,CANINA,CANINA,,,CANINE,OU,31,CHOW CHOW,N,,,
23,ANATIDEO,ANATIDEO,ANATIDEO,,,,OU,289,CIGNUS OLLOZ,S,,,
1,CANINA,CANINA,CANINA,,,CANINE,OU,256,CIMARRON,N,,,
1,CANINA,CANINA,CANINA,,,CANINE,OU,242,CLUMBER SPANIEL,N,,,
1,CANINA,CANINA,CANINA,,,CANINE,OU,13,COCKER SPANIEL,N,,,
1,CANINA,CANINA,CANINA,,,CANINE,OU,37,COCKER SPANIEL AMERICANO,N,,,
1,CANINA,CANINA,CANINA,,,CANINE,OU,38,COCKER SPANIEL INGLES,N,,,
13,CUNICULA,CUNICULA,,,,,OU,274,COELHO,N,,,
1,CANINA,CANINA,CANINA,,,CANINE,OU,76,COLLIE,N,,,
2,FELINA,FELINA,FELINA,,,FELINE,OU,253,CORNISH REX,N,,,
1,CANINA,CANINA,CANINA,,,CANINE,OU,201,COTTON DE TULEAR,N,,,
16,AVE,AVE,,,,BIRD,OU,277,CURIÓ,S,,,
1,CANINA,CANINA,CANINA,,,CANINE,OU,401,DACHSBRACO ALPINO,N,,,
1,CANINA,CANINA,CANINA,,,CANINE,OU,21,DACHSHUND,N,,,
1,CANINA,CANINA,CANINA,,,CANINE,OU,1,DALMATA,N,,,
2,FELINA,FELINA,FELINA,,,FELINE,OU,54,DEVON REX,N,,,
1,CANINA,CANINA,CANINA,,,CANINE,OU,128,DOBERMANN,N,,,
1,CANINA,CANINA,CANINA,,,CANINE,OU,100,DOGO ARGENTINO,N,,,
1,CANINA,CANINA,CANINA,,,CANINE,OU,15,DOGUE ALEMAO,N,,,
1,CANINA,CANINA,CANINA,,,CANINE,OU,121,DOGUE DE BORDEAUX,N,,,
1,CANINA,CANINA,CANINA,,,CANINE,OU,252,ELKHOUND NORUEGUES,N,,,
2,FELINA,FELINA,FELINA,,,FELINE,OU,152,EUROPEIA,N,,,
2,FELINA,FELINA,FELINA,,,FELINE,OU,92,EXOTICO,N,,,
10,MUSTELIDAE,MUSTELIDAE,,,,,OU,267,FERRET,N,,,
1,CANINA,CANINA,CANINA,,,CANINE,OU,32,FILA BRASILEIRO,N,,,
1,CANINA,CANINA,CANINA,,,CANINE,OU,228,FLAT COATED RETRIEVER,N,,,
1,CANINA,CANINA,CANINA,,,CANINE,OU,122,FOX HOUND,N,,,
1,CANINA,CANINA,CANINA,,,CANINE,OU,34,FOX PAULISTINHA,N,,,
1,CANINA,CANINA,CANINA,,,CANINE,OU,39,FOX TERRIER,N,,,
1,CANINA,CANINA,CANINA,,,CANINE,OU,167,FOX TERRIER BRASILEIRO,N,,,
1,CANINA,CANINA,CANINA,,,CANINE,OU,212,GALGO,N,,,
3,BOVINA,BOVINA,BOVINA,,,BOVINE,OU,143,GIROLANDA,N,,,
1,CANINA,CANINA,CANINA,,,CANINE,OU,29,GOLDEN RETRIEVER,N,,,
1,CANINA,CANINA,CANINA,,,CANINE,OU,264,GOS D' ATURA,N,,,
1,CANINA,CANINA,CANINA,,,CANINE,OU,140,GREYHOUND ITALIANO,N,,,
1,CANINA,CANINA,CANINA,,,CANINE,OU,261,GRIFFON DE BRUXELAS,N,,,
1,CANINA,CANINA,CANINA,,,CANINE,OU,241,GRIFON BELGA,N,,,
18,ROEDOR,ROEDOR,,,,RAT,OU,146,HAMSTER,N,,,
2,FELINA,FELINA,FELINA,,,FELINE,OU,51,HIMALAIO,N,,,
3,BOVINA,BOVINA,BOVINA,,,BOVINE,OU,7,HOLANDES,N,,,
3,BOVINA,BOVINA,BOVINA,,,BOVINE,OU,155,HOLANDESA PRETA E BRANCA,N,,,
1,CANINA,CANINA,CANINA,,,CANINE,OU,126,HOVAWART,N,,,
1,CANINA,CANINA,CANINA,,,CANINE,OU,41,HUSKY SIBERIANO,N,,,
9,REPTIL,REPTIL,,,,REPTILE,OU,149,IGUANA,N,,,
20,QUELÔNIO,QUELÔNIO,,,,,OU,147,JABUTI,N,,,
1,CANINA,CANINA,CANINA,,,CANINE,OU,110,JACK RUSSEL TERRIER,N,,,
3,BOVINA,BOVINA,BOVINA,,,BOVINE,OU,216,JERSEY,N,,,
1,CANINA,CANINA,CANINA,,,CANINE,OU,166,KERRY BLUE TERRIER,N,,,
1,CANINA,CANINA,CANINA,,,CANINE,OU,123,KOMONDOR,N,,,
2,FELINA,FELINA,FELINA,,,FELINE,OU,221,KORAT,N,,,
1,CANINA,CANINA,CANINA,,,CANINE,OU,109,KUVASZ,N,,,
1,CANINA,CANINA,CANINA,,,CANINE,OU,36,LABRADOR RETRIEVER,N,,,
1,CANINA,CANINA,CANINA,,,CANINE,OU,171,LAEKENOIS (PASTOR BELGA),N,,,
1,CANINA,CANINA,CANINA,,,CANINE,OU,245,LEBREU ITALIANO,N,,,
1,CANINA,CANINA,CANINA,,,CANINE,OU,42,LHASA APSO,N,,,
1,CANINA,CANINA,CANINA,,,CANINE,OU,86,LULU DA POMERANIA,N,,,
2,FELINA,FELINA,FELINA,,,FELINE,OU,53,MAINE COON,N,,,
1,CANINA,CANINA,CANINA,,,CANINE,OU,95,MALAMUTE  DO ALASCA,N,,,
1,CANINA,CANINA,CANINA,,,CANINE,OU,168,MALINOIS (PASTOR BELGA),N,,,
1,CANINA,CANINA,CANINA,,,CANINE,OU,30,MALTES,N,,,
5,EQUINA,EQUINA,,,,EQUINE,OU,72,MANGALARGA,N,,,
4,EQUINO DE TRAÇÃO ,EQUINO DE TRAÇÃO ,,,,EQUINE,OU,73,MANGALARGA MARCHADOR,N,,,
4,EQUINO DE TRAÇÃO ,EQUINO DE TRAÇÃO ,,,,EQUINE,OU,294,MANGALARGA PAULISTA,N,,,
1,CANINA,CANINA,CANINA,,,CANINE,OU,97,MASTIFF INGLÊS,N,,,
1,CANINA,CANINA,CANINA,,,CANINE,OU,331,MASTIM DOS PIRINEUS,N,,,
1,CANINA,CANINA,CANINA,,,CANINE,OU,70,MASTIM NAPOLITANO,N,,,
5,EQUINA,EQUINA,,,,EQUINE,OU,205,MINI PÔNEI,N,,,
3,BOVINA,BOVINA,BOVINA,,,BOVINE,OU,204,MINI VACA,N,,,
3,BOVINA,BOVINA,BOVINA,,,BOVINE,OU,202,NÃO REFERIDO (BOV),N,,,
1,CANINA,CANINA,CANINA,,,CANINE,OU,43,NAO REFERIDO (CANINO),N,,,
5,EQUINA,EQUINA,,,,EQUINE,OU,203,NAO REFERIDO (EQUINA),N,,,
4,EQUINO DE TRAÇÃO ,EQUINO DE TRAÇÃO ,,,,EQUINE,OU,203,NAO REFERIDO (EQUINA),N,,,
2,FELINA,FELINA,FELINA,,,FELINE,OU,93,NAO REFERIDO (FELINO),N,,,
8,OVINO,OVINO,,,,,OU,236,NAO REFERIDO (OVINO),N,,,
3,BOVINA,BOVINA,BOVINA,,,BOVINE,OU,144,NELORE,N,,,
1,CANINA,CANINA,CANINA,,,CANINE,OU,124,NORFOLK TERRIER,N,,,
2,FELINA,FELINA,FELINA,,,FELINE,OU,254,NORUEGUÊS DA FLORESTA,N,,,
1,CANINA,CANINA,CANINA,,,CANINE,OU,71,OLD ENGLISH SHEEPDOG,N,,,
2,FELINA,FELINA,FELINA,,,FELINE,OU,163,ORANGE TABBY,N,,,
2,FELINA,FELINA,FELINA,,,FELINE,OU,210,ORIENTAL,N,,,
12,PSITACIDEO,PSITACIDEO,,,,,OU,181,PAPAGAIO,N,,,
1,CANINA,CANINA,CANINA,,,CANINE,OU,134,PAPILLON,N,,,
7,CAPRINA,CAPRINA,,,,CAPRINE,OU,223,PARDA ALEMÃ,N,,,
7,CAPRINA,CAPRINA,,,,CAPRINE,OU,222,PARDA ALPINA,N,,,
1,CANINA,CANINA,CANINA,,,CANINE,OU,24,PASTOR ALEMAO,N,,,
1,CANINA,CANINA,CANINA,,,CANINE,OU,187,PASTOR AUSTRALIANO,N,,,
1,CANINA,CANINA,CANINA,,,CANINE,OU,26,PASTOR BELGA,N,,,
1,CANINA,CANINA,CANINA,,,CANINE,OU,172,PASTOR BELGA GROENENDAEL,N,,,
1,CANINA,CANINA,CANINA,,,CANINE,OU,260,PASTOR BERGAMASCO,N,,,
1,CANINA,CANINA,CANINA,,,CANINE,OU,219,PASTOR BRANCO,N,,,
1,CANINA,CANINA,CANINA,,,CANINE,OU,239,PASTOR BRANCO SUIÇO,N,,,
1,CANINA,CANINA,CANINA,,,CANINE,OU,25,PASTOR CANADENSE,N,,,
1,CANINA,CANINA,CANINA,,,CANINE,OU,284,PASTOR CAPA PRETA,N,,,
1,CANINA,CANINA,CANINA,,,CANINE,OU,137,PASTOR CATALON,N,,,
1,CANINA,CANINA,CANINA,,,CANINE,OU,206,PASTOR DOS PIRINEUS,N,,,
1,CANINA,CANINA,CANINA,,,CANINE,OU,237,PASTOR FINLANDÊS DA LAPÔNIA,N,,,
1,CANINA,CANINA,CANINA,,,CANINE,OU,197,PASTOR HOLANDES,N,,,
1,CANINA,CANINA,CANINA,,,CANINE,OU,255,PASTOR MALORQUIN,N,,,
1,CANINA,CANINA,CANINA,,,CANINE,OU,148,PASTOR MAREMMANO,N,,,
1,CANINA,CANINA,CANINA,,,CANINE,OU,96,PASTOR SHETLAND,N,,,
2,FELINA,FELINA,FELINA,,,FELINE,OU,56,PELO CURTO BRASILEIRO,N,,,
1,CANINA,CANINA,CANINA,,,CANINE,OU,83,PEQUINÊS,N,,,
12,PSITACIDEO,PSITACIDEO,,,,,OU,272,PERIQUITO,S,,,
12,PSITACIDEO,PSITACIDEO,,,,,OU,283,PERIQUITO INGLÊS,S,,,
1,CANINA,CANINA,CANINA,,,CANINE,OU,263,PERRO DE AGUAS,N,,,
2,FELINA,FELINA,FELINA,,,FELINE,OU,50,PERSA,N,,,
1,CANINA,CANINA,CANINA,,,CANINE,OU,227,PETIT BASSET GRIFFON VENDEEN,N,,,
16,AVE,AVE,,,,BIRD,OU,286,PICHARRO,S,,,
3,BOVINA,BOVINA,BOVINA,,,BOVINE,OU,233,PIEMONTES,N,,,
1,CANINA,CANINA,CANINA,,,CANINE,OU,16,PINSCHER,N,,,
1,CANINA,CANINA,CANINA,,,CANINE,OU,48,PIT BULL,N,,,
1,CANINA,CANINA,CANINA,,,CANINE,OU,129,PODENGO PORTUGUÊS,N,,,
1,CANINA,CANINA,CANINA,,,CANINE,OU,98,POINTER,N,,,
1,CANINA,CANINA,CANINA,,,CANINE,OU,322,POINTER ALEMÃO,N,,,
1,CANINA,CANINA,CANINA,,,CANINE,OU,321,POINTER INGLÊS,N,,,
1,CANINA,CANINA,CANINA,,,CANINE,OU,10,POODLE,N,,,
1,CANINA,CANINA,CANINA,,,CANINE,OU,319,POODLE STANDARD,N,,,
18,ROEDOR,ROEDOR,,,,RAT,OU,184,PORQUINHO DA INDIA,N,,,
1,CANINA,CANINA,CANINA,,,CANINE,OU,85,PUG,N,,,
1,CANINA,CANINA,CANINA,,,CANINE,OU,247,PULI,N,,,
5,EQUINA,EQUINA,,,,EQUINE,OU,60,PURO SANGUE INGLÊS,N,,,
4,EQUINO DE TRAÇÃO ,EQUINO DE TRAÇÃO ,,,,EQUINE,OU,282,PURO SANGUE LUSITANO,N,,,
5,EQUINA,EQUINA,,,,EQUINE,OU,62,QUARTO DE MILHA,N,,,
11,QUATI ( NASUA NASUA),QUATI ( NASUA NASUA),,,,,OU,268,QUATI,N,,,
2,FELINA,FELINA,FELINA,,,FELINE,OU,176,RAG DOLL,N,,,
18,ROEDOR,ROEDOR,,,,RAT,OU,281,RATO DE LABORATÓRIO,N,,,
1,CANINA,CANINA,CANINA,,,CANINE,OU,138,RED HELLER,N,,,
1,CANINA,CANINA,CANINA,,,CANINE,OU,91,RHODESIAN RIDGEBACK,N,,,
1,CANINA,CANINA,CANINA,,,CANINE,OU,27,ROTTWEILER,N,,,
2,FELINA,FELINA,FELINA,,,FELINE,OU,230,RUSSIAN BLUE,N,,,
7,CAPRINA,CAPRINA,,,,CAPRINE,OU,175,SAANEN,N,,,
2,FELINA,FELINA,FELINA,,,FELINE,OU,52,SAGRADO DA BIRMANIA,N,,,
19,PRIMATA,PRIMATA,,,,PRIMATE,OU,174,SAGUI,N,,,
1,CANINA,CANINA,CANINA,,,CANINE,OU,132,SALUKI,N,,,
1,CANINA,CANINA,CANINA,,,CANINE,OU,101,SAMOYEDA,N,,,
1,CANINA,CANINA,CANINA,,,CANINE,OU,33,SAO BERNARDO,N,,,
9,REPTIL,REPTIL,,,,REPTILE,OU,12,SAPO,N,,,
1,CANINA,CANINA,CANINA,,,CANINE,OU,164,SCHNAUZER GIGANTE,N,,,
1,CANINA,CANINA,CANINA,,,CANINE,OU,22,SCHNAUZER MÉDIO,N,,,
1,CANINA,CANINA,CANINA,,,CANINE,OU,412,SCOTTISH STRAIGHT,N,P,,C
2,FELINA,FELINA,FELINA,,,FELINE,OU,412,SCOTTISH STRAIGHT,N,P,,C
1,CANINA,CANINA,CANINA,,,CANINE,OU,28,SCOTTISH TERRIER,N,,,
1,CANINA,CANINA,CANINA,,,CANINE,OU,104,SEALEHAN TERRIER,N,,,
1,CANINA,CANINA,CANINA,,,CANINE,OU,142,SERRA DA ESTRELA,N,,,
1,CANINA,CANINA,CANINA,,,CANINE,OU,79,SETTER,N,,,
1,CANINA,CANINA,CANINA,,,CANINE,OU,178,SETTER GORDON,N,,,
1,CANINA,CANINA,CANINA,,,CANINE,OU,177,SETTER INGLÊS,N,,,
1,CANINA,CANINA,CANINA,,,CANINE,OU,159,SETTER IRLANDES,N,,,
1,CANINA,CANINA,CANINA,,,CANINE,OU,23,SHARPEI,N,,,
1,CANINA,CANINA,CANINA,,,CANINE,OU,408,SHEEP DOG,N,G,273.0,M
1,CANINA,CANINA,CANINA,,,CANINE,OU,313,SHETLAND SHEEPDOG,N,,,
1,CANINA,CANINA,CANINA,,,CANINE,OU,84,SHIBA-INU,N,,,
1,CANINA,CANINA,CANINA,,,CANINE,OU,59,SHIH-TZU,N,,,
2,FELINA,FELINA,FELINA,,,FELINE,OU,11,SIAMES,N,,,
2,FELINA,FELINA,FELINA,,,FELINE,OU,193,SIBERIANO DA FLORESTA,N,,,
1,CANINA,CANINA,CANINA,,,CANINE,OU,106,SILK TERRIER,N,,,
1,CANINA,CANINA,CANINA,,,CANINE,OU,215,SKYE TERRIER,N,,,
2,FELINA,FELINA,FELINA,,,FELINE,OU,259,SOMALI,N,,,
1,CANINA,CANINA,CANINA,,,CANINE,OU,127,SPANIEL TIBETANO,N,,,
2,FELINA,FELINA,FELINA,,,FELINE,OU,240,SPHYNX,N,,,
1,CANINA,CANINA,CANINA,,,CANINE,OU,162,SPITZ ALEMÃO,N,,,
1,CANINA,CANINA,CANINA,,,CANINE,OU,308,SPITZ JAPONÊS,N,,,
1,CANINA,CANINA,CANINA,,,CANINE,OU,74,SPRINGER SPANIEL INGLÊS,N,,,
3,BOVINA,BOVINA,BOVINA,,,BOVINE,OU,4,SRD BOVINO,N,,,
1,CANINA,CANINA,CANINA,,,CANINE,OU,2,SRD CANINO,N,,,
7,CAPRINA,CAPRINA,,,,CAPRINE,OU,199,SRD CAPRINO,N,,,
4,EQUINO DE TRAÇÃO ,EQUINO DE TRAÇÃO ,,,,EQUINE,OU,278,SRD EQUINA,N,,,
5,EQUINA,EQUINA,,,,EQUINE,OU,278,SRD EQUINA,N,,,
4,EQUINO DE TRAÇÃO ,EQUINO DE TRAÇÃO ,,,,EQUINE,OU,65,SRD EQUINO,N,,,
5,EQUINA,EQUINA,,,,EQUINE,OU,65,SRD EQUINO,N,,,
2,FELINA,FELINA,FELINA,,,FELINE,OU,3,SRD FELINO,N,,,
8,OVINO,OVINO,,,,,OU,207,SRD OVINO,N,,,
1,CANINA,CANINA,CANINA,,,CANINE,OU,226,STAFFORDSHIRE BULL TERRIER,N,,,
6,SUINO,SUINO,,,,SWINE,OU,214,SUINO,N,,,
2,FELINA,FELINA,FELINA,,,FELINE,OU,139,TABBY SHORTHAIR,N,,,
20,QUELÔNIO,QUELÔNIO,,,,,OU,279,TARTARUGA,N,,,
1,CANINA,CANINA,CANINA,,,CANINE,OU,45,TECKEL,N,,,
1,CANINA,CANINA,CANINA,,,CANINE,OU,411,TEIÚ,S,P,,
1,CANINA,CANINA,CANINA,,,CANINE,OU,135,TENERIFF,N,,,
1,CANINA,CANINA,CANINA,,,CANINE,OU,141,TERRA NOVA,N,,,
1,CANINA,CANINA,CANINA,,,CANINE,OU,169,TERVUREN (PASTOR BELGA),N,,,
1,CANINA,CANINA,CANINA,,,CANINE,OU,160,TIBETAN TERRIER,N,,,
7,CAPRINA,CAPRINA,,,,CAPRINE,OU,224,TOGGENBURG,N,,,
16,AVE,AVE,,,,BIRD,OU,287,TRINCA FERRO,S,,,
32,E. europaeus,OURIÇO,OURIÇO,,,OURIÇO,OU,413,TTTT,S,P,,M
1,CANINA,CANINA,CANINA,,,CANINE,OU,413,TTTT,S,P,,M
28,TUCANO,TUCANO,Ramphastidae,,,BIRD,OU,404,TUCANO,S,P,418.0,C
1,CANINA,CANINA,CANINA,,,CANINE,OU,404,TUCANO,S,P,418.0,C
1,CANINA,CANINA,CANINA,,,CANINE,OU,151,VIZSLA,N,,,
1,CANINA,CANINA,CANINA,,,CANINE,OU,75,WEIMARANER,N,,,
1,CANINA,CANINA,CANINA,,,CANINE,OU,190,WELSH CORGI PEMBROKE,N,,,
1,CANINA,CANINA,CANINA,,,CANINE,OU,208,WELSH TERRIER,N,,,
1,CANINA,CANINA,CANINA,,,CANINE,OU,47,WEST HIGHLAND WHITE TERRIER,N,,,
1,CANINA,CANINA,CANINA,,,CANINE,OU,80,WHIPPET,N,,,
1,CANINA,CANINA,CANINA,,,CANINE,OU,44,YORKSHIRE TERRIER,N,,,
