cod_fabricante,nom_fabricante,nom_red_fabric,nro_cnpj_fabricante
2,AGENER UNIÃO,AGENER UNIÃO,
3,AGRODOG,AGRODOG,
4,AGROINCA,AGROINCA,
5,ALCON,ALCON,
6,ALTERNATIVE,ALTERNATIVE,
7,AMERICAN PETS,AMERICAN PETS,
8,AMIGO,AMIGO,
9,BAYER,BAYER,
10,BELLY BUDIES,BELLY BUDIES,
11,BIO PET,BIO PET,
12,BIOVET,BIOVET,
13,BOMLIXO,BOMLIXO,
14,BOVIFARM AS,BOVIFARM AS,
15,BROUWER,BROUWER,
16,BUGBILL,BUGBILL,
17,CENTAGRO,CENTAGRO,
18,CEPAV,CEPAV,
19,CHALESCO,CHALESCO,
20,CHEMKER DO BR,CHEMKER DO BR,
21,CHIC DOG,CHIC DOG,
22,CLASSIC PROD.,CLASSIC PROD.,
23,COALA,COALA,
24,COVELI,COVELI,
25,CPJMINAS,CPJMINAS,
26,CRAZY TOYS,CRAZY TOYS,
27,DELICAT,DELICAT,
28,DESCONHECIDO,DESCONHECIDO,
29,DOG CARE,DOG CARE,
30,DOG CLEAN,DOG CLEAN,
31,DOG FREE,DOG FREE,
32,DUPRAT,DUPRAT,
33,ELOFORTE,ELOFORTE,
34,EMPÓRIOPET,EMPÓRIOPET,
35,EUROFARMA,EUROFARMA,
36,FC IND E COM,FC IND E COM,
38,FRALBALLOON,FRALBALLOON,
39,GRANADO,GRANADO,
40,IAMS,IAMS,
41,IBASA,IBASA,
42,INTERVET,INTERVET,
43,KELCO,KELCO,
44,KONIG,KONIG,
45,LA TOYS,LA TOYS,
46,LABYES,LABYES,
47,LCM,LCM,
48,LIMPINHO,LIMPINHO,
49,LOPESCO,LOPESCO,
50,LUISA MEL,LUISA MEL,
51,MARCOLAB,MARCOLAB,
52,MAXVET,MAXVET,
53,MERIAL,MERIAL,
54,MIRAMARPET,MIRAMARPET,
55,MUNDO ANIMAL,MUNDO ANIMAL,
56,NAIR COSMET.,NAIR COSMET.,
57,NATURAL PET,NATURAL PET,
58,NESTLE/PURINA,NESTLE/PURINA,
59,NOVARTIS,NOVARTIS,
60,ORSCO S/A,ORSCO S/A,
61,OUROFINO PET,OUROFINO PET,
62,PET CLEAN,PET CLEAN,
63,PET CLUB,PET CLUB,
64,PET IMPORT,PET IMPORT,
65,PET MAIS,PET MAIS,
66,PET NUTRITION,PET NUTRITION,
67,PET PIRA,PET PIRA,
68,PET SOCIETY,PET SOCIETY,
69,PET-DOG,PET-DOG,
70,PETDRINK,PETDRINK,
71,PETFOX,PETFOX,
73,PLAST PET,PLAST PET,
74,PREMIER PET,PREMIER PET,
75,PRIMIER PET,PRIMIER PET,
76,PRO GATO,PRO GATO,
77,ROYAL CANIN,ROYAL CANIN,
78,SANTA MARINA,SANTA MARINA,
79,SCHERING,SCHERING,
80,SLICK,SLICK,
81,SÃO BENEDITO,SÃO BENEDITO,
82,SÃO FRANCISCO,SÃO FRANCISCO,
83,SÃO SIMÕES,SÃO SIMÕES,
84,TECNOPEC,TECNOPEC,
85,TOPPET,TOPPET,
86,TWINCO,TWINCO,
87,UNIVET,UNIVET,
88,VETBRANDS,VETBRANDS,
89,VETNIL,VETNIL,
90,VIRBAC,VIRBAC,
91,VIVENDA,VIVENDA,
92,WALTHAN,WALTHAN,
93,ZOO FOOD,ZOO FOOD,
94,FABRICA PET,FABRICA PET,
95,WOOF,WOOF,
113,GRAND FOOD,GRAND FOOD,
114,MASTER FOODS,MASTER FOODS,
98,SANOL DOG,SANOL DOG,
99,PHARO,PHARO,
100,ORIGINAL BIRD,ORIGINAL BIRD,
101,PETIX,PETIX,
102,HARTZ,HARTZ,
115,THEODOROS,THEODOROS,
103,ROGAMA IND E COM LTDA,ROGAMA IND E COM,
104,FOUR PAWS,FOUR PAWS,
105,TOTAL QUIMICA,TOTAL QUIMICA,
106,ANIMAL CLEAN,ANIMAL CLEAN,
107,PETISCAO,PETISCAO,
108,BRUPET,BRUPET,
117,FERPLAST,FERPLAST,
110,EIGHT IN ON PET,EIGHT IN ON PET,
111,BENTONIT,BENTONIT,
112,OIL DRI CORPORATION OF AMERICA,OIL DRI CORPORATION,
118,K9 SPIRIT,K9 SPIRIT,
119,WINDUSTRY,WINDUSTRY,
120,JMS ALIMENTACAO,JMS ALIMENTACAO,
121,CEVA SAUDE ANIMAL,CEVA SAUDE ANIMAL,
122,PETS TAGES,PETS TAGES,
123,CAT DOG,CAT DOG,
124,EFEN,EFEN,
116,FLEX,FLEX,
109,HAGEM,HAGEM,
125,CASTEL,CASTEL,
126,ART INJET,ART INJET,
127,JAMBO PET,JAMBO PET,
128,OURO PET,OURO PET,
129,GEROZAN,GEROZAN,
131,LE SALON,LE SALON,
132,DALKOM,DALKOM,
133,MONDO CANINO,MONDO CANINO,
134,JANSSEN PHARMACEUTICA,JANSSEN PHARMACEUTIC,
135,MANGO,MANGO,
37,ZOETIS,ZOETIS,
136,ZANIES,ZANIES,
137,EUKANUBA,EUKANUBA,
138,CAO PAULO,CAO PAULO,
139,PERIGOT,PERIGOT,
140,CARDEAL IND. E COM. DE ALIMENTOS LTDA,BILISKO,
141,GUARDASPALLE IND. E COM. DE CONFECÇÃO LTDA-EPP,GUARDASPALLE,
142,AGROMARC PROD. VETERINARIOS LTDA EPP,AGROMARC,
143,PANETTERIA DI CANNI,PANETTERIA DI CANNI,
144,CONFECÇÃO ZINGARO SOC. LTDA. ME,NINNA-AU,
145,BILISKO,BILISKO,
146,COLTELLI,COLTELLI,
147,LUMARE,LUMARE,
148,LUF PRODUTOS AC. CÃES,LUF PRODUTOS AC. CÃE,
149,ICEPET,ICEPET,
150,VESTDOG,VESTDOC,
151,PET PARADISE,PET PARADISE,
152,GUABI NATURAL,GUABI NATURAL,
153,FUTON DOG - WENUS COM PROD UTIL LTDA ME,FUTON DOF,
154,ORGANNACT,ORGANNACT,
155,JAMBO - ROT RAI,JAMBO - ROT RAI,
156,YATS - ROGS,YATS - ROGS,
130,PET IN BAG,PET IN BAG,
1,Fort Dodge,,
157,Virbac,,
158,Merial,,
159,Pfizer,,
160,Intervet,,
161,A Química Santa Marina S/A,,
162,Action S/A,,
163,Agener Indústria e Comércio Ltda.,,
164,Agripec Química e Farmacêutica S/A,,
165,Agripharm Indústria e Comércio Ltda.,,
166,Agro Industrial  Catarinense Ltda.,,
167,Akzo Nobel Ltda / Div. Intervet,,
168,Al-Tech Comércio e Importação Ltda.,,
169,"Amicil S/A - Indústria, Comércio e Importação",,
170,Bayer S.A.,,
171,Biofarm Química e Farmacêutica Ltda.,,
172,Biomune / Bioimport Imp. Com. e Represent. Ltda.,,
173,Boehringer de Angeli Química e Farmacêutica Ltda.,,
174,Boivet Ind. Com. Prod. Veterinários Ltda.,,
175,Byk Química e Farmacêutica Ltda.,,
176,Centagro - Centro Tecnológico Agropecuário Ltda.,,
177,Chemitec Agro-Veterinária Ltda.,,
178,Ciquisa Farmacêutica Ltda.,,
179,Coveli Indústria e Comércio Ltda.,,
180,Defensa S.A.,,
181,Des-Vet Desenvolv. Prods. Farmac. e Vet. Ltda.,,
182,Dispec Brasil Ind. Com. Prod. Agropecuários Ltda.,,
183,Ecovet Indústria Veterinária Ltda.,,
184,EdVet Hd Com. Import. Export. Ltda.,,
185,Eli Lilly do Brasil - Divisão Elanco Saúde Animal,,
186,Embrasvet - Empresa Brasileira Veterinária Ltda.,,
187,Enerquímica Produtos Químicos energia Ltda.,,
188,Equide Com. Ind. Prod. Agropecuários Ltda.,,
189,Eurofarma Laboratórios Ltda.,,
190,Farmabase Saúde Animal Ltda.,,
191,Farmagrícola S/A Exportação e Importação,,
192,Farmaquim Comércio e Representações Ltda.,,
193,Farmavet Prod. Veterinários Ltda.,,
194,Fatec S/A,,
195,Fisons Industrial Ltda.,,
196,Florasil Produtos Vegetais Farmacêuticos Ltda.,,
197,Formil Química Ltda.,,
198,Fort Dodge Saúde Animal Ltda.,,
199,Haoechst Shering AgrEvo do Brasil Ltda.,,
200,Herber Biotec Ltda.,,
201,Hoechst Roussel Vet Ltda.,,
202,Idexx Laboratórios / Bio Brasil,,
203,Indústria Farmacêutica Vital Farma Ltda.,,
204,Indústria Gessy Lever Ltda. Divisão Diversey Lever,,
205,Indústria Quím. Farm. Schering-Plough S.A.,,
206,Instituto Butantã,,
207,Interchange Comércio Exterior Representações Ltda.,,
208,IRFA - Química e Biotecnologia Industrial Ltda.,,
209,IVA-Divisão Vet. da Champion Farmoquímico Ltda,,
210,Jofadel Indústria Farmacêutica S/A,,
211,Kirkegaard and Perry Laboratories / Biovida,,
212,Klüber Lubrification Lub. Esp. Ltda. e Cia.,,
213,Konig do Brasil Ltda.,,
214,Laboratório Bio-Vet S/A,,
215,Laboratório Bravet Ltda.,,
216,Laboratório Coopers,,
217,Laboratório Esser Ltda.,,
218,Laboratório Fama Ltda.,,
219,Laboratório Heaton Mersey Ltda.,,
220,Laboratório Hemopar (Daisy Menezes Arteche - ME),,
221,Laboratório Hertape S/A,,
222,Laboratório Ibasa Ltda.,,
223,Laboratório Microsules do Brasil Ltda.,,
224,Laboratório Perini S/A,,
225,Laboratório Pfizer Ltda.,,
226,Laboratório Prado S/A,,
227,Laboratório Prod. Quím. Veterinários Vigor Ltda.,,
228,Laboratório Silva Araújo Roussel S/A,,
229,Laboratório Simões Ltda.,,
230,Laboratório Vencofarma do Brasil Ltda.,,
231,Laboratório Veterinário Oriente Ltda.,,
232,Laboratório Vitafort Ind. Com. Prod. Veter. Ltda. ,,
233,Laborclin Produtos para Laboratório Ltda.,,
234,Labovet Produtos Veterinários Ltda.,,
235,Lavizoo - Laboratórios Vitamínicos e Zootécnicos,,
236,Leivas Leite S.A. Ind. Químicas e Biológicas,,
237,Lhinke Indústria de Cosméticos Ltda.,,
238,Marcolab Ind. Prods. Veterinários Ltda.,,
239,Marve - Marlene de Fátima Oliveira,,
240,Merial Saúde Animal Ltda.,,
241,Minerthal - Prod. Agropecuários Ltda.,,
242,Monsanto do Brasil Ltda.,,
243,Mosquito Indústria e Com. Prod. Químicos Ltda.,,
244,Naturelle Ind. e Comércio de Prods. Naturais Ltda.,,
245,Natuzzi Industrial Farmacêutica Ltda.,,
246,Nortox S.A.,,
247,Novartis Biociências S.A.,,
248,Pearson Saúde Animal Ltda.,,
249,Pecuarista D'Oeste de Araçatuba Ltda.,,
250,Pikapau - Produtos Químicos São Vicente,,
251,Pinus Produtos Químicos e Farmacêuticos Ltda.,,
252,Planalquímica Industrial Ltda.,,
253,Poly Sell Produtos Químicos Ltda.,,
254,Probion Indústria Medicamentos Veterinários Ltda.,,
255,Produtos Roche Químicos e Farmacêuticos S/A,,
256,Produtos Veterinários Manguinhos - Distriman,,
257,Produtos Veterinários Ouro Fino Ltda.,,
258,Química Diniz Ind. Comércio Ltda.,,
259,Química e Farmacêutica Nikkho do Brasil Ltda.,,
260,R.D.M. Química e Farmacêutica S/A,,
261,Ralston Purina do Brasil Ltda.,,
262,Sanebrás - Soc. Brasileira de Saneantes Ltda.,,
263,Sankomix Indústria e Comércio de Vitaminas Ltda.,,
264,Sanphar Chemocil Quím. e Farm. Ltda.,,
265,Serono Produtos Farmacêuticos Ltda.,,
266,Syntefarm do Brasil,,
267,Tortuga Companhia Zootécnica Agrária,,
268,UCI Farma Indústria Farmacêutica Ltda.,,
269,Ultrabrás Produtos Agropecuários Ltda.,,
270,União Química Farm. Nacional S/A,,
271,Univet S/A - Indústria Veterinária,,
272,Uzinas Chimicas Brasileiras S/A,,
273,Vallée S.A.,,
274,Vansil Indústria e Comércio e Representações Ltda.,,
275,Vet Life Produtos e Serviços Veterinários Ltda.,,
276,Vetnil Ind. e Com. de Produtos Veterinários Ltda.,,
277,Virbac do Brasil Indústria e Comércio Ltda.,,
278,Yakult S.A. Indústria e Comércio,,
279,Zeneca Brasil Ltda.,,
280,Fort Dodge,,
281,FLOR DE ALGODÃO,,
282,PITSY BICHOS,PITSY BICHOS,
283,MANIPULAÇÃO,MANIPULAÇÃO,
284,HOMEOPATIA,HOMEOPATIA,
285,MANIPULAÇÃO,MANIPULAÇÃO,
286,RIOQUIMICA,RIOQUIMICA,
287,SIGMA FARMA,SIGMA FARMA,
288,HILL`S,HILL`S,
289,BERGAMO,BERGAMO,
290,JP INDUSTRIA FARMACEUTICA,JP,
72,PFIZER / ZOETIS,PFIZER / ZOETIS,
291,MSD SAÚDE ANIMAL,MSD SAÚDE ANIMAL,
292,SANTEC,SANTEC,
293,AGNER,AGNER,
