id_origem,id_os,id_admissao,dt_inclusao,cod_proprietario
0,0,72832,2018-04-04,10538
0,0,0,2018-04-04,4743
0,0,72830,2018-04-04,9689
0,0,72836,2018-04-04,11271
0,0,73530,2018-05-07,9389
0,0,73814,2018-05-16,11246
0,0,73816,2018-05-16,11067
0,0,74186,2018-06-02,8713
0,0,74412,2018-06-13,10322
0,0,0,2018-06-13,10983
0,0,74556,2018-06-25,10870
0,0,74613,2018-06-25,9689
0,0,74695,2018-06-28,11400
0,0,74951,2018-07-10,7370
0,0,74964,2018-07-11,11178
0,0,74983,2018-07-12,11416
0,0,75157,2018-07-21,7231
0,0,75193,2018-07-23,11206
0,0,75447,2018-08-03,2009
0,0,77165,2018-10-17,8970
0,0,78117,2018-11-27,11541
0,0,78232,2018-12-02,8655
0,0,78665,2018-12-17,9431
0,0,78613,2018-12-17,11613
0,0,79353,2019-01-17,11682
0,0,80013,2019-02-11,10638
0,0,80717,2019-03-15,11782
0,0,80891,2019-03-23,9961
0,0,81044,2019-03-27,9101
0,0,81074,2019-03-29,5901
0,0,81533,2019-04-16,11805
0,0,82110,2019-05-08,11864
0,0,82251,2019-05-14,8970
0,0,82260,2019-05-14,7919
0,0,82269,2019-05-14,9886
0,0,82322,2019-05-16,11886
6,66558,0,2019-05-22,6796
1,0,82341,2019-05-22,11879
6,0,82458,2019-05-22,5097
3,0,82463,2019-05-22,11887
5,0,82461,2019-05-22,11872
6,0,82470,2019-05-22,10730
1,0,82470,2019-05-22,10730
6,0,82471,2019-05-22,11249
5,0,82473,2019-05-22,11844
6,0,82474,2019-05-22,3274
7,0,82475,2019-05-22,11900
6,0,82477,2019-05-22,10961
6,0,82478,2019-05-22,1951
1,66573,0,2019-05-22,11009
6,0,82479,2019-05-23,1920
6,0,82480,2019-05-23,8925
3,0,82481,2019-05-23,7054
5,0,82482,2019-05-23,11901
6,0,82483,2019-05-23,5286
5,66577,0,2019-05-23,10652
3,66579,0,2019-05-23,11846
6,0,82486,2019-05-23,2425
6,0,82487,2019-05-23,9962
3,0,82488,2019-05-23,11018
6,0,82490,2019-05-23,11735
6,0,82491,2019-05-23,11540
6,0,82492,2019-05-23,11881
6,0,82493,2019-05-23,10555
1,0,82494,2019-05-23,11904
6,0,82495,2019-05-23,4172
6,0,82497,2019-05-23,8491
6,0,82498,2019-05-23,10630
6,0,82499,2019-05-23,8995
5,0,82500,2019-05-24,8049
3,0,82501,2019-05-24,11841
6,0,82503,2019-05-24,2695
6,0,82504,2019-05-24,3747
6,0,82506,2019-05-24,3094
6,0,82507,2019-05-24,2092
7,0,82508,2019-05-24,10321
3,0,82511,2019-05-24,3212
6,0,82514,2019-05-24,8032
3,0,82516,2019-05-25,7861
6,0,82518,2019-05-25,9297
6,0,82519,2019-05-25,7363
3,0,82520,2019-05-25,7830
3,0,82522,2019-05-25,11905
7,0,82523,2019-05-25,318
6,0,82524,2019-05-25,5601
7,0,82526,2019-05-25,11858
6,0,82527,2019-05-25,7906
5,0,82528,2019-05-25,11906
3,0,82529,2019-05-25,11718
6,0,82530,2019-05-25,5900
6,0,82533,2019-05-25,4418
3,0,82536,2019-05-25,10418
6,0,82537,2019-05-25,5424
1,0,82539,2019-05-25,7238
5,0,82539,2019-05-25,7238
3,0,82540,2019-05-25,5753
6,66660,0,2019-05-26,11226
6,0,82549,2019-05-26,453
1,0,82553,2019-05-27,1140
6,0,82555,2019-05-27,1846
3,0,82556,2019-05-27,11907
6,0,82557,2019-05-27,11013
6,0,82560,2019-05-27,10711
6,0,82562,2019-05-27,7966
3,0,82564,2019-05-27,11812
6,0,82566,2019-05-28,8960
6,0,82568,2019-05-28,7744
6,0,82569,2019-05-28,10341
7,0,82570,2019-05-28,11637
7,0,82571,2019-05-28,11908
6,66701,0,2019-05-28,5354
6,0,82572,2019-05-28,9761
6,0,82579,2019-05-28,8971
6,66717,0,2019-05-28,8
3,0,82582,2019-05-28,11909
3,0,82583,2019-05-28,11910
2,0,82584,2019-05-28,11911
1,0,82585,2019-05-29,11912
3,0,82589,2019-05-29,11274
2,0,82594,2019-05-29,10498
3,0,82596,2019-05-29,11309
3,0,82597,2019-05-29,8733
3,0,82598,2019-05-29,8051
6,66746,0,2019-05-29,11479
6,0,82603,2019-05-29,10865
6,0,82606,2019-05-29,5596
6,0,82609,2019-05-30,8034
6,0,82611,2019-05-30,4468
3,0,82612,2019-05-30,8249
2,0,82615,2019-05-30,11894
6,0,82617,2019-05-30,7159
7,0,82620,2019-05-30,11788
6,0,82622,2019-05-30,111
6,0,82623,2019-05-30,2330
6,0,82624,2019-05-30,10097
6,0,82627,2019-05-30,11852
6,0,82628,2019-05-30,9049
6,0,82630,2019-05-30,408
6,0,82636,2019-05-31,9459
5,0,82637,2019-05-31,11914
1,0,82638,2019-05-31,11915
6,0,82639,2019-05-31,11803
2,0,82640,2019-05-31,10671
2,66799,0,2019-05-31,11558
6,0,82647,2019-05-31,10015
6,0,82649,2019-05-31,10076
6,0,82654,2019-06-01,7874
3,0,82656,2019-06-01,11859
6,0,82658,2019-06-01,8530
1,0,82660,2019-06-01,11916
6,0,82661,2019-06-01,11733
6,0,82664,2019-06-02,8128
5,0,82666,2019-06-02,8864
3,0,82675,2019-06-03,10435
5,0,82678,2019-06-03,11918
3,0,82679,2019-06-03,9642
3,0,82680,2019-06-03,11847
3,0,82683,2019-06-03,11716
1,0,82684,2019-06-03,11919
6,0,82686,2019-06-03,2
6,0,82693,2019-06-03,10095
6,0,82694,2019-06-03,11789
6,0,82695,2019-06-03,11830
5,0,82696,2019-06-04,10964
5,0,82698,2019-06-04,11921
1,0,82699,2019-06-04,3377
5,0,82700,2019-06-04,11922
5,0,82706,2019-06-04,7323
3,0,82708,2019-06-04,6143
6,0,82720,2019-06-05,3583
5,0,82723,2019-06-05,2140
4,0,82727,2019-06-05,11924
6,0,82729,2019-06-05,1003
6,0,82732,2019-06-05,1495
1,0,82733,2019-06-05,11925
6,0,82738,2019-06-05,5847
3,0,82742,2019-06-06,11285
7,0,82744,2019-06-06,11926
6,0,82746,2019-06-06,11105
7,0,82750,2019-06-06,11927
3,0,82752,2019-06-06,11928
6,0,82753,2019-06-06,5191
5,0,82754,2019-06-06,11929
6,66931,0,2019-06-06,10
6,0,82756,2019-06-06,7944
5,0,82761,2019-06-06,11930
6,0,82766,2019-06-07,5077
7,0,82768,2019-06-07,5665
3,0,82771,2019-06-07,11865
6,0,82772,2019-06-07,10336
6,0,82775,2019-06-07,8430
6,0,82777,2019-06-07,11715
6,0,82786,2019-06-08,5533
2,0,82787,2019-06-08,11931
6,0,82797,2019-06-08,7565
2,0,82798,2019-06-08,11932
6,0,82799,2019-06-08,5510
6,0,82807,2019-06-08,10224
6,0,82810,2019-06-08,6297
6,0,82811,2019-06-08,11933
6,0,82812,2019-06-08,7204
6,0,82815,2019-06-08,11603
6,0,82818,2019-06-09,6065
6,0,82820,2019-06-09,5001
6,0,82824,2019-06-09,8875
6,0,82828,2019-06-09,11604
6,0,82831,2019-06-09,9537
2,0,82836,2019-06-10,11934
6,0,82838,2019-06-10,11638
6,0,82840,2019-06-10,2980
6,0,82853,2019-06-10,2925
6,0,82854,2019-06-10,8068
6,0,82856,2019-06-10,11597
6,67087,0,2019-06-10,5891
6,0,82860,2019-06-10,4809
6,0,82868,2019-06-11,11802
6,0,82872,2019-06-11,5116
6,0,82873,2019-06-11,11607
6,0,82874,2019-06-11,7193
6,0,82883,2019-06-11,8214
6,0,82884,2019-06-11,6484
6,0,82890,2019-06-12,4949
6,0,82892,2019-06-12,11187
6,0,82895,2019-06-12,11085
6,0,82896,2019-06-12,5318
6,0,82898,2019-06-12,5150
6,0,82901,2019-06-12,11290
6,0,82903,2019-06-12,3367
6,0,82908,2019-06-13,9762
6,0,82909,2019-06-13,1064
5,0,82913,2019-06-13,11936
6,0,82915,2019-06-13,9741
6,0,82920,2019-06-13,9574
6,0,82921,2019-06-13,10895
6,0,82926,2019-06-14,10084
6,0,82927,2019-06-14,7787
6,0,82928,2019-06-14,7795
6,0,82931,2019-06-14,5293
6,0,82941,2019-06-14,11453
6,67205,0,2019-06-14,5860
3,0,82944,2019-06-14,11938
6,0,82945,2019-06-14,11050
6,0,82955,2019-06-15,11808
6,0,82960,2019-06-15,11679
6,0,82961,2019-06-15,11689
6,0,82964,2019-06-15,11939
6,0,82969,2019-06-15,5264
6,0,82974,2019-06-15,2247
5,0,82975,2019-06-15,11940
7,0,82977,2019-06-15,11941
6,0,82988,2019-06-16,8088
6,0,83000,2019-06-17,785
6,0,83004,2019-06-17,9982
6,0,83006,2019-06-17,6245
6,0,83008,2019-06-17,10408
3,0,83013,2019-06-17,11942
6,0,83014,2019-06-17,11672
7,0,83017,2019-06-17,11943
6,0,83021,2019-06-17,8576
7,0,83023,2019-06-17,11944
6,0,83040,2019-06-18,7816
3,0,83041,2019-06-18,11945
3,0,83044,2019-06-18,11946
6,0,83049,2019-06-18,7946
6,0,83053,2019-06-18,4994
6,0,83054,2019-06-18,11417
1,0,83058,2019-06-18,11947
6,0,83059,2019-06-18,8405
6,0,83061,2019-06-18,8706
6,0,83066,2019-06-18,10738
1,0,83089,2019-06-19,11948
6,0,83095,2019-06-19,5613
6,0,83098,2019-06-19,7773
6,0,83108,2019-06-20,9829
6,0,83124,2019-06-21,11389
6,0,83132,2019-06-21,5152
6,0,83143,2019-06-22,10912
3,0,83144,2019-06-22,11949
6,0,83149,2019-06-22,7813
6,0,83150,2019-06-22,11767
6,0,83152,2019-06-22,8532
6,67440,0,2019-06-22,11450
6,0,83160,2019-06-23,11950
6,0,83164,2019-06-23,7290
2,0,83166,2019-06-23,11951
3,0,83169,2019-06-24,11952
3,0,83173,2019-06-24,4390
3,0,83174,2019-06-24,10227
3,0,83176,2019-06-24,11953
6,0,83185,2019-06-24,11809
3,0,83201,2019-06-25,1494
6,0,83204,2019-06-25,11674
6,0,83216,2019-06-25,11737
6,0,83220,2019-06-25,6243
6,0,83222,2019-06-25,7443
6,0,83229,2019-06-25,11293
6,0,83230,2019-06-25,7383
6,0,83245,2019-06-26,11756
6,0,83247,2019-06-26,5729
6,0,83252,2019-06-26,11954
6,0,83253,2019-06-26,11434
6,0,83254,2019-06-26,677
3,0,83259,2019-06-27,11955
3,0,83271,2019-06-27,7668
6,0,83276,2019-06-27,8827
6,0,83279,2019-06-27,9432
3,0,83290,2019-06-28,11957
3,0,83292,2019-06-28,11959
5,0,83293,2019-06-28,11960
6,0,83295,2019-06-28,8853
6,67603,0,2019-06-28,11784
6,0,83301,2019-06-28,11961
6,0,83309,2019-06-29,7943
6,0,83315,2019-06-29,10610
6,0,83320,2019-06-29,4271
6,0,83321,2019-06-29,10680
1,0,83325,2019-06-29,11962
2,0,83326,2019-06-29,11963
6,0,83344,2019-07-01,10530
6,0,83346,2019-07-01,10123
6,0,83355,2019-07-01,8123
3,0,83358,2019-07-01,11964
6,0,83361,2019-07-01,3150
6,0,83367,2019-07-02,4474
6,0,83375,2019-07-02,2041
6,0,83377,2019-07-02,11151
6,0,83378,2019-07-02,526
6,0,83381,2019-07-02,8042
6,67718,0,2019-07-02,10332
6,67723,0,2019-07-02,11965
7,0,83386,2019-07-02,11966
6,0,83392,2019-07-03,11656
6,0,83401,2019-07-03,8113
6,0,83404,2019-07-03,6376
6,0,83405,2019-07-03,9912
6,0,83409,2019-07-03,1303
6,0,83419,2019-07-04,2411
6,0,83439,2019-07-05,11446
6,67787,0,2019-07-05,2436
6,0,83441,2019-07-05,10713
6,0,83443,2019-07-05,6090
6,0,83448,2019-07-05,7057
6,0,83452,2019-07-06,235
6,0,83454,2019-07-06,11481
6,0,83458,2019-07-06,5458
6,0,83463,2019-07-06,8434
6,0,83467,2019-07-07,1778
6,0,83479,2019-07-08,4772
6,0,83485,2019-07-08,5717
6,0,83487,2019-07-08,1942
6,0,83488,2019-07-08,5890
6,0,83498,2019-07-08,7326
6,0,83500,2019-07-08,8568
2,0,83501,2019-07-08,9445
6,0,83504,2019-07-08,9112
6,0,83505,2019-07-08,9660
6,0,83507,2019-07-08,4579
6,0,83511,2019-07-08,3662
6,0,83516,2019-07-09,10759
6,0,83518,2019-07-09,10733
6,0,83531,2019-07-10,7165
1,0,83545,2019-07-10,11968
5,0,83547,2019-07-10,11969
6,0,83549,2019-07-10,10051
6,0,83553,2019-07-10,10928
6,0,83554,2019-07-11,11608
6,0,83562,2019-07-11,10803
6,0,83566,2019-07-11,10746
6,0,83580,2019-07-12,6036
6,0,83584,2019-07-12,11320
6,0,83594,2019-07-13,9057
6,0,83603,2019-07-13,10798
6,0,83606,2019-07-13,8316
6,0,83607,2019-07-13,11970
6,0,83613,2019-07-13,10348
6,0,83619,2019-07-13,1149
6,0,83620,2019-07-14,10462
6,0,83626,2019-07-14,11489
3,0,83627,2019-07-14,11972
6,0,83629,2019-07-14,4948
6,0,83640,2019-07-15,8951
6,0,83642,2019-07-15,3466
6,0,83650,2019-07-15,3568
6,0,83651,2019-07-15,11377
6,0,83675,2019-07-16,7649
6,0,83676,2019-07-16,4995
6,0,83685,2019-07-16,9230
6,0,83695,2019-07-17,11480
3,0,83695,2019-07-17,11480
6,0,83713,2019-07-17,11973
3,0,83715,2019-07-18,11974
7,0,83721,2019-07-18,11975
6,0,83725,2019-07-18,10157
6,0,83731,2019-07-18,5522
6,0,83736,2019-07-18,10919
3,0,83739,2019-07-19,11976
6,0,83746,2019-07-19,4324
6,0,83753,2019-07-20,7994
1,0,83753,2019-07-20,7994
6,0,83756,2019-07-20,11708
6,0,83758,2019-07-20,6519
6,0,83759,2019-07-20,5981
6,0,83761,2019-07-20,11341
6,0,83763,2019-07-20,10069
6,0,83766,2019-07-20,9768
1,0,83767,2019-07-20,11977
6,0,83778,2019-07-21,11979
6,0,83780,2019-07-21,7689
6,0,83784,2019-07-22,11224
6,0,83793,2019-07-22,9212
6,0,83796,2019-07-22,8071
6,0,83798,2019-07-22,10343
6,0,83799,2019-07-22,11194
6,0,83802,2019-07-22,9924
6,0,83803,2019-07-22,2820
6,0,83805,2019-07-22,4829
6,0,83811,2019-07-22,11571
6,0,83815,2019-07-23,9083
6,0,83816,2019-07-23,7430
6,0,83818,2019-07-23,11514
6,0,83819,2019-07-23,10458
6,68270,0,2019-07-23,4384
3,0,83821,2019-07-23,4433
6,0,83827,2019-07-23,11982
7,0,83827,2019-07-23,11982
7,0,83830,2019-07-23,11983
6,0,83831,2019-07-23,7976
6,0,83835,2019-07-23,7083
6,0,83837,2019-07-23,5753
7,0,83840,2019-07-23,11984
6,0,83858,2019-07-24,11228
6,0,83863,2019-07-24,11428
6,0,83864,2019-07-24,1013
6,0,83869,2019-07-24,9423
2,0,83870,2019-07-24,11985
6,0,83871,2019-07-24,11027
6,0,83873,2019-07-24,11420
6,0,83882,2019-07-25,11139
6,0,83910,2019-07-26,11986
3,68373,0,2019-07-26,9917
6,0,83918,2019-07-26,6116
6,0,83921,2019-07-26,9927
6,0,83929,2019-07-27,4075
6,0,83930,2019-07-27,9533
6,0,83934,2019-07-27,10875
6,0,83939,2019-07-27,4888
3,0,83944,2019-07-27,11987
7,0,83947,2019-07-28,11988
6,0,83956,2019-07-29,4237
6,0,83963,2019-07-29,8588
6,0,83964,2019-07-29,6139
3,0,83967,2019-07-29,11989
7,0,83969,2019-07-29,11990
6,0,83970,2019-07-29,7380
3,0,83971,2019-07-29,11763
6,0,83979,2019-07-29,5979
3,0,83980,2019-07-29,11991
6,0,83981,2019-07-29,11677
6,68476,0,2019-07-29,9344
3,0,83989,2019-07-30,5298
6,0,83990,2019-07-30,2055
6,0,83994,2019-07-30,5857
6,0,84008,2019-07-30,1986
6,0,84010,2019-07-30,11992
6,0,84011,2019-07-30,11993
3,0,84039,2019-07-31,11995
6,0,84049,2019-07-31,6454
6,0,84051,2019-07-31,11996
6,0,84056,2019-08-01,8963
3,0,84059,2019-08-01,11997
6,0,84063,2019-08-01,11696
6,0,84068,2019-08-01,584
6,0,84070,2019-08-01,8619
3,0,84086,2019-08-02,6296
6,0,84095,2019-08-02,11379
1,68616,0,2019-08-02,11980
3,0,84109,2019-08-03,11998
6,0,84125,2019-08-03,6109
6,0,84132,2019-08-04,11441
6,0,84150,2019-08-05,9498
6,0,84153,2019-08-05,4314
6,0,84155,2019-08-05,9351
6,0,84160,2019-08-05,11771
6,0,84163,2019-08-05,6121
6,0,84166,2019-08-05,10830
3,0,84182,2019-08-06,12000
3,68716,0,2019-08-06,12001
6,0,84189,2019-08-06,9919
6,0,84190,2019-08-06,9827
6,0,84192,2019-08-06,10152
6,0,84193,2019-08-06,9640
6,0,84195,2019-08-06,12002
6,0,84200,2019-08-07,5883
6,0,84209,2019-08-07,5772
3,0,84212,2019-08-07,7730
6,0,84213,2019-08-07,5513
6,0,84220,2019-08-07,9539
6,0,84222,2019-08-07,7422
6,0,84228,2019-08-08,10659
3,0,84230,2019-08-08,12003
6,0,84242,2019-08-08,12004
6,0,84243,2019-08-08,4274
3,0,84259,2019-08-09,11742
3,0,84262,2019-08-09,5114
6,0,84278,2019-08-10,9836
6,0,84285,2019-08-10,9411
6,0,84291,2019-08-10,11384
6,0,84292,2019-08-10,7318
6,0,84296,2019-08-10,3777
6,0,84297,2019-08-10,11502
6,0,84302,2019-08-10,11443
2,0,84320,2019-08-11,12006
6,0,84321,2019-08-11,4327
3,0,84342,2019-08-12,5702
3,0,84344,2019-08-12,2708
6,0,84349,2019-08-12,7718
6,0,84362,2019-08-13,6105
6,0,84371,2019-08-13,1915
6,0,84374,2019-08-13,10387
3,0,84377,2019-08-13,12012
6,0,84378,2019-08-13,5447
1,0,84385,2019-08-14,12013
6,0,84387,2019-08-14,10920
3,0,84392,2019-08-14,12014
1,0,84396,2019-08-14,12015
7,0,84402,2019-08-14,12016
3,0,84404,2019-08-14,11804
6,0,84420,2019-08-15,6383
6,0,84432,2019-08-15,7854
6,0,84434,2019-08-15,12019
6,0,84439,2019-08-16,10654
6,0,84457,2019-08-16,4469
6,0,84458,2019-08-16,5137
6,0,84461,2019-08-17,6303
6,0,84469,2019-08-17,10975
6,0,84470,2019-08-17,12021
3,0,84470,2019-08-17,12021
2,0,84477,2019-08-17,12022
6,0,84487,2019-08-18,3733
6,0,84492,2019-08-18,10487
6,0,84500,2019-08-18,11258
6,0,84504,2019-08-19,11710
6,0,84518,2019-08-19,2197
6,0,84521,2019-08-19,11590
6,0,84531,2019-08-19,7031
6,0,84534,2019-08-19,5465
1,0,84540,2019-08-20,12023
6,0,84550,2019-08-20,6140
1,0,84560,2019-08-21,10425
6,0,84564,2019-08-21,7259
6,0,84574,2019-08-21,11469
6,0,84577,2019-08-21,11524
6,0,84578,2019-08-21,5871
3,0,84586,2019-08-22,11935
6,0,84591,2019-08-22,2498
3,0,84593,2019-08-22,12026
5,0,84594,2019-08-22,12028
7,69168,0,2019-08-22,12029
6,0,84601,2019-08-22,10169
2,0,84602,2019-08-22,12030
6,0,84605,2019-08-22,11516
1,0,84611,2019-08-23,3266
6,0,84617,2019-08-23,1751
3,0,84618,2019-08-23,9549
6,0,84637,2019-08-23,5358
6,0,84640,2019-08-23,11231
2,0,84645,2019-08-23,12032
6,0,84646,2019-08-23,12033
6,0,84655,2019-08-24,11890
6,0,84665,2019-08-24,11356
6,0,84672,2019-08-24,10584
6,0,84674,2019-08-24,8978
6,0,84676,2019-08-24,6402
3,0,84686,2019-08-25,12034
6,0,84693,2019-08-26,11229
1,0,84693,2019-08-26,11229
3,0,84701,2019-08-26,11616
6,0,84702,2019-08-26,5566
3,0,84708,2019-08-26,10483
2,0,84710,2019-08-26,12036
6,0,84714,2019-08-26,10043
6,0,84726,2019-08-27,11375
3,0,84731,2019-08-27,1961
3,0,84732,2019-08-27,12037
6,0,84733,2019-08-27,9457
3,0,84736,2019-08-27,9764
5,0,84737,2019-08-27,2364
7,0,84738,2019-08-27,12038
7,0,84739,2019-08-27,9424
6,0,84741,2019-08-27,11344
6,0,84754,2019-08-28,5565
6,0,84756,2019-08-28,10916
3,0,84765,2019-08-28,12039
6,0,84784,2019-08-29,9647
6,0,84790,2019-08-29,10181
6,0,84808,2019-08-29,7659
3,0,84819,2019-08-30,8477
1,0,84851,2019-08-31,12043
6,0,84864,2019-08-31,3915
6,0,84866,2019-08-31,8639
6,0,84867,2019-09-01,10142
3,0,84869,2019-09-01,11119
3,0,84886,2019-09-02,437
3,0,84889,2019-09-02,5168
6,0,84894,2019-09-02,9332
3,0,84898,2019-09-02,11179
6,0,84901,2019-09-02,10852
3,0,84911,2019-09-03,8333
6,0,84913,2019-09-03,4322
3,0,84915,2019-09-03,5327
3,0,84921,2019-09-03,2335
6,0,84932,2019-09-03,277
3,0,84946,2019-09-04,12044
6,0,84947,2019-09-04,2821
3,0,84962,2019-09-04,12045
6,0,84980,2019-09-05,7150
6,0,84983,2019-09-05,9348
3,0,84984,2019-09-05,12046
3,0,84986,2019-09-05,4965
6,0,84991,2019-09-06,9088
6,0,84995,2019-09-06,3487
3,0,85006,2019-09-06,5541
6,0,85009,2019-09-06,4413
6,0,85021,2019-09-07,11242
1,0,85029,2019-09-07,12047
3,0,85032,2019-09-07,12048
6,0,85040,2019-09-07,11592
6,0,85042,2019-09-07,11412
6,0,85049,2019-09-08,4916
6,0,85052,2019-09-08,10307
5,0,85057,2019-09-08,12049
3,0,85064,2019-09-09,12050
3,0,85067,2019-09-09,2843
6,0,85070,2019-09-09,9639
3,0,85083,2019-09-09,12051
6,0,85088,2019-09-09,8798
6,0,85101,2019-09-10,2183
6,0,85107,2019-09-10,6545
6,69733,0,2019-09-10,11913
6,0,85125,2019-09-10,8246
6,0,85133,2019-09-11,1640
5,0,85142,2019-09-11,12052
6,0,85178,2019-09-12,9127
6,0,85197,2019-09-12,7639
6,0,85207,2019-09-13,9031
6,0,85212,2019-09-13,11087
6,0,85214,2019-09-13,11433
6,0,85227,2019-09-13,12053
7,0,85230,2019-09-13,12054
6,0,85248,2019-09-15,8388
5,0,85253,2019-09-15,12055
6,0,85255,2019-09-15,10996
6,0,85256,2019-09-15,11393
6,0,85258,2019-09-15,7885
6,0,85260,2019-09-15,4396
6,0,85267,2019-09-16,9038
6,0,85271,2019-09-16,9913
6,0,85278,2019-09-16,8947
6,69923,0,2019-09-16,5102
6,0,85281,2019-09-16,6492
6,0,85282,2019-09-16,6358
5,0,85296,2019-09-16,12059
6,0,85302,2019-09-17,8197
6,0,85304,2019-09-17,9870
6,0,85310,2019-09-17,10762
3,0,85316,2019-09-17,12060
6,0,85318,2019-09-17,5571
6,0,85338,2019-09-18,7607
6,0,85345,2019-09-18,8468
0,70013,0,2019-09-18,292
3,0,85359,2019-09-18,12061
7,0,85361,2019-09-18,12062
6,0,85367,2019-09-19,7842
6,0,85370,2019-09-19,12063
6,0,85372,2019-09-19,12064
6,0,85385,2019-09-19,2974
3,0,85402,2019-09-20,12066
6,0,85412,2019-09-20,8239
6,0,85413,2019-09-20,5586
6,0,85429,2019-09-21,11797
6,0,85430,2019-09-21,7465
6,0,85431,2019-09-21,7685
6,0,85434,2019-09-22,8851
6,0,85441,2019-09-22,11711
6,0,85443,2019-09-22,11080
6,0,85445,2019-09-23,12067
6,0,85453,2019-09-23,9120
6,0,85465,2019-09-23,8751
6,0,85466,2019-09-23,6522
6,0,85468,2019-09-23,11515
7,0,85470,2019-09-23,12068
6,0,85484,2019-09-24,7253
6,0,85493,2019-09-24,9489
6,0,85494,2019-09-24,8271
6,0,85496,2019-09-24,11360
6,0,85499,2019-09-24,9690
6,0,85501,2019-09-25,10156
3,0,85505,2019-09-25,12070
6,0,85516,2019-09-25,2743
3,0,85524,2019-09-25,1433
2,0,85526,2019-09-25,12071
6,0,85535,2019-09-26,11595
1,0,85536,2019-09-26,12072
6,0,85541,2019-09-26,6096
6,0,85542,2019-09-26,1774
1,0,85547,2019-09-26,12073
2,0,85553,2019-09-26,12074
6,0,85561,2019-09-27,9646
6,0,85567,2019-09-27,6167
6,0,85570,2019-09-27,12077
2,0,85570,2019-09-27,12077
6,0,85572,2019-09-27,8144
6,0,85586,2019-09-28,10695
6,0,85595,2019-09-28,10394
6,0,85597,2019-09-28,7493
6,0,85599,2019-09-28,2384
6,0,85601,2019-09-28,8198
6,0,85604,2019-09-28,1753
6,0,85609,2019-09-28,12078
6,0,85623,2019-09-30,8173
6,0,85629,2019-09-30,9207
5,0,85631,2019-09-30,12079
6,0,85633,2019-09-30,8992
6,0,85637,2019-09-30,11074
6,0,85642,2019-09-30,5518
6,0,85646,2019-09-30,6191
6,0,85653,2019-09-30,8738
6,0,85688,2019-10-02,8486
6,0,85710,2019-10-02,7379
6,0,85717,2019-10-03,1695
6,0,85722,2019-10-04,5648
6,0,85724,2019-10-04,10829
6,70492,0,2019-10-04,10847
3,0,85728,2019-10-04,12083
6,70501,0,2019-10-04,5942
3,0,85736,2019-10-04,12084
6,70512,0,2019-10-04,12085
1,0,85743,2019-10-04,12086
1,0,85751,2019-10-05,12087
6,0,85752,2019-10-05,7327
6,0,85756,2019-10-05,9276
6,0,85764,2019-10-06,5384
3,0,85769,2019-10-06,12088
6,0,85770,2019-10-06,9490
6,0,85783,2019-10-07,9933
7,0,85798,2019-10-08,12090
6,0,85800,2019-10-08,8340
6,0,85804,2019-10-08,9853
5,0,85809,2019-10-08,12091
6,0,85811,2019-10-08,7564
6,0,85836,2019-10-09,8359
6,0,85839,2019-10-09,5607
3,0,85852,2019-10-09,12092
6,0,85859,2019-10-09,11662
6,0,85860,2019-10-09,499
3,0,85861,2019-10-09,12093
3,0,85864,2019-10-10,12094
3,0,85873,2019-10-10,12095
6,0,85874,2019-10-10,11629
3,0,85882,2019-10-10,5766
6,0,85889,2019-10-10,5491
6,0,85893,2019-10-10,8210
6,0,85897,2019-10-10,11298
6,0,85911,2019-10-11,9307
6,0,85925,2019-10-11,5156
6,0,85926,2019-10-11,9499
1,0,85928,2019-10-11,12097
6,0,85932,2019-10-11,8765
6,0,85942,2019-10-12,8432
3,0,85955,2019-10-12,12098
6,0,85959,2019-10-12,5982
6,0,85963,2019-10-12,11447
3,0,85990,2019-10-14,12099
1,0,85998,2019-10-14,12100
7,0,85999,2019-10-14,12101
6,0,86008,2019-10-14,45
6,0,86013,2019-10-14,2864
6,0,86018,2019-10-14,6255
6,0,86026,2019-10-14,11618
3,0,86032,2019-10-15,12102
6,0,86039,2019-10-15,2766
6,0,86041,2019-10-15,5380
6,0,86058,2019-10-15,12104
1,0,86059,2019-10-15,12105
6,0,86068,2019-10-16,1097
6,0,86071,2019-10-16,8138
6,0,86072,2019-10-16,10683
6,0,86084,2019-10-16,12107
6,0,86086,2019-10-16,9715
6,0,86101,2019-10-17,11525
6,0,86104,2019-10-17,4703
6,0,86122,2019-10-18,11199
6,0,86130,2019-10-18,11816
6,0,86131,2019-10-18,8847
6,0,86134,2019-10-18,5030
6,0,86146,2019-10-18,11120
6,0,86150,2019-10-19,12109
6,0,86151,2019-10-19,12110
6,0,86157,2019-10-19,3944
6,0,86177,2019-10-21,7187
6,0,86187,2019-10-21,10612
6,0,86193,2019-10-21,12111
6,0,86202,2019-10-22,9771
6,0,86208,2019-10-22,9708
6,0,86209,2019-10-22,11440
6,0,86212,2019-10-22,10114
3,0,86213,2019-10-22,12112
1,0,86214,2019-10-22,7901
6,0,86219,2019-10-22,12113
6,0,86221,2019-10-22,7973
6,0,86258,2019-10-24,7463
5,0,86259,2019-10-24,12115
6,0,86271,2019-10-24,7316
6,0,86275,2019-10-24,11620
6,0,86276,2019-10-24,6511
6,0,86284,2019-10-24,11792
6,0,86288,2019-10-25,3160
6,0,86299,2019-10-25,5392
6,0,86302,2019-10-25,11265
6,0,86303,2019-10-25,8346
6,0,86316,2019-10-25,9945
6,0,86320,2019-10-26,5592
6,0,86324,2019-10-26,837
6,0,86328,2019-10-26,8310
6,0,86345,2019-10-27,636
6,0,86356,2019-10-27,10439
5,0,86364,2019-10-28,12117
3,0,86370,2019-10-28,12118
3,0,86374,2019-10-28,12119
6,0,86382,2019-10-28,5701
6,0,86392,2019-10-29,5065
3,0,86398,2019-10-29,12120
6,0,86403,2019-10-29,2420
6,0,86407,2019-10-29,4961
3,0,86410,2019-10-29,12122
6,0,86413,2019-10-29,12123
1,0,86434,2019-10-30,12124
3,0,86435,2019-10-30,12125
6,0,86442,2019-10-30,6559
6,0,86443,2019-10-30,11166
6,0,86446,2019-10-30,12126
3,0,86451,2019-10-30,12127
6,0,86455,2019-10-31,9747
6,0,86460,2019-10-31,11436
6,0,86462,2019-10-31,9001
6,0,86466,2019-10-31,11055
5,71338,0,2019-10-31,11533
2,0,86473,2019-10-31,12128
6,0,86483,2019-10-31,8229
3,0,86490,2019-11-01,11824
6,0,86504,2019-11-01,5496
6,0,86506,2019-11-01,8250
3,0,86512,2019-11-02,12129
6,0,86515,2019-11-02,11487
3,0,86517,2019-11-02,12130
6,0,86522,2019-11-02,10792
5,0,86537,2019-11-03,12131
5,0,86542,2019-11-03,12132
6,0,86546,2019-11-03,4679
6,0,86548,2019-11-03,7487
7,0,86550,2019-11-03,12133
6,0,86554,2019-11-04,12134
6,0,86556,2019-11-04,9275
6,0,86568,2019-11-04,10165
6,0,86572,2019-11-04,11184
6,0,86574,2019-11-04,11817
6,0,86582,2019-11-04,12136
3,0,86585,2019-11-05,5217
6,0,86595,2019-11-05,7474
3,0,86597,2019-11-05,12137
3,0,86622,2019-11-06,7633
6,0,86635,2019-11-06,5074
3,0,86641,2019-11-06,12141
3,0,86644,2019-11-06,12142
5,0,86645,2019-11-06,12143
1,0,86649,2019-11-07,12144
6,0,86661,2019-11-07,12089
6,0,86663,2019-11-07,8232
6,0,86671,2019-11-07,11523
6,0,86679,2019-11-07,11569
6,0,86681,2019-11-07,12145
6,0,86684,2019-11-08,4605
3,0,86690,2019-11-08,12146
6,0,86692,2019-11-08,8688
3,0,86694,2019-11-08,10609
3,0,86702,2019-11-08,9383
3,0,86703,2019-11-08,7506
5,0,86714,2019-11-09,12148
6,0,86716,2019-11-09,9017
6,0,86720,2019-11-09,8727
6,0,86727,2019-11-09,861
6,0,86734,2019-11-09,11535
3,0,86741,2019-11-09,12149
5,0,86763,2019-11-10,12150
5,0,86771,2019-11-11,12151
6,0,86784,2019-11-11,2124
6,0,86786,2019-11-11,8908
5,0,86787,2019-11-11,12152
6,0,86818,2019-11-12,10183
6,0,86819,2019-11-12,10145
2,0,86826,2019-11-12,12154
3,0,86832,2019-11-12,4551
6,0,86833,2019-11-12,10068
6,0,86850,2019-11-13,9992
6,0,86872,2019-11-13,1692
3,0,86910,2019-11-14,12157
0,0,86883,2019-11-14,7842
6,0,86912,2019-11-14,11477
6,0,86917,2019-11-14,7936
6,0,86939,2019-11-16,11078
3,0,86940,2019-11-16,12158
7,0,86948,2019-11-16,10684
6,0,86957,2019-11-16,10949
7,0,86968,2019-11-17,12159
6,0,86970,2019-11-17,11180
6,0,86980,2019-11-18,11168
6,0,86983,2019-11-18,10138
6,0,86991,2019-11-18,9621
3,0,86996,2019-11-18,10938
3,0,86997,2019-11-18,11550
6,0,86986,2019-11-18,10183
6,0,87002,2019-11-18,7875
6,0,87005,2019-11-18,10232
7,0,87013,2019-11-19,12160
6,0,87017,2019-11-19,1947
6,0,87021,2019-11-19,12161
3,0,87030,2019-11-19,12163
6,0,87040,2019-11-19,12164
7,0,87049,2019-11-20,12165
6,0,87077,2019-11-21,10258
6,0,87089,2019-11-21,11714
6,0,87102,2019-11-22,8306
6,0,87107,2019-11-22,5760
1,0,87114,2019-11-22,12169
6,0,87115,2019-11-22,8205
2,0,87117,2019-11-23,12170
2,0,87119,2019-11-23,12171
1,0,87130,2019-11-23,12172
6,0,87131,2019-11-23,6118
6,0,87137,2019-11-23,7228
6,0,87139,2019-11-23,9903
3,0,87145,2019-11-24,12175
7,0,87147,2019-11-24,12176
6,0,87167,2019-11-25,12177
3,0,87171,2019-11-25,12178
6,0,87174,2019-11-25,4927
1,0,87175,2019-11-25,12180
3,0,87181,2019-11-25,12179
5,0,87185,2019-11-25,12181
7,0,87190,2019-11-25,12182
5,0,87204,2019-11-26,12184
3,0,87210,2019-11-26,12183
6,0,87212,2019-11-26,7921
6,0,87219,2019-11-26,734
1,0,87224,2019-11-26,12188
6,0,87229,2019-11-26,8693
3,0,87230,2019-11-26,10739
5,0,87235,2019-11-26,12189
6,0,87253,2019-11-27,771
3,0,87255,2019-11-27,12191
3,0,87270,2019-11-28,11867
6,0,87275,2019-11-28,7425
5,0,87280,2019-11-28,12192
3,0,87296,2019-11-29,12193
6,0,87308,2019-11-29,419
6,0,87312,2019-11-29,9425
6,0,87316,2019-11-29,11473
6,0,87327,2019-11-30,9039
1,0,87337,2019-11-30,12194
6,0,87341,2019-11-30,4238
5,0,87342,2019-11-30,12195
1,0,87369,2019-12-02,12196
6,0,87376,2019-12-02,10096
1,0,87422,2019-12-04,12198
6,0,87425,2019-12-04,2331
6,0,87426,2019-12-04,12199
6,0,87427,2019-12-04,11268
1,0,87429,2019-12-04,12200
6,0,87434,2019-12-05,11422
3,0,87436,2019-12-05,12201
3,0,87442,2019-12-05,9767
6,0,87443,2019-12-05,8339
6,0,87444,2019-12-05,10316
3,0,87467,2019-12-06,12202
6,0,87472,2019-12-06,9901
6,0,87475,2019-12-06,1621
6,0,87481,2019-12-06,8181
6,0,87502,2019-12-07,10510
1,0,87505,2019-12-07,12203
6,0,87507,2019-12-07,10940
6,0,87518,2019-12-08,10203
6,0,87531,2019-12-09,135
4,0,87545,2019-12-09,12204
6,0,87556,2019-12-09,11725
6,0,87562,2019-12-09,11647
6,0,87563,2019-12-09,8325
2,0,87628,2019-12-11,12205
3,0,87636,2019-12-12,12206
6,0,87638,2019-12-12,5996
6,0,87639,2019-12-12,10180
3,0,87643,2019-12-12,12208
7,0,87652,2019-12-12,12209
6,0,87661,2019-12-13,7399
7,0,87667,2019-12-13,9914
6,0,87670,2019-12-13,750
6,72591,0,2019-12-13,10485
7,0,87674,2019-12-13,12211
6,0,87691,2019-12-14,12212
3,0,87695,2019-12-14,12213
6,0,87698,2019-12-14,11462
6,0,87705,2019-12-14,7590
3,0,87709,2019-12-14,12214
6,0,87710,2019-12-14,11673
3,0,87712,2019-12-14,12216
6,0,87716,2019-12-15,2844
3,0,87726,2019-12-15,12217
3,0,87733,2019-12-16,10568
3,0,87734,2019-12-16,639
6,0,87739,2019-12-16,8345
3,0,87742,2019-12-16,8006
6,0,87753,2019-12-16,8531
6,0,87761,2019-12-16,8127
6,0,87778,2019-12-17,7446
6,0,87789,2019-12-17,5376
6,0,87800,2019-12-18,9633
6,0,87805,2019-12-18,12218
6,0,87821,2019-12-18,12220
2,0,87825,2019-12-18,12222
6,0,87828,2019-12-18,10593
6,0,87837,2019-12-19,9018
3,0,87839,2019-12-19,12223
6,0,87842,2019-12-19,5939
6,0,87843,2019-12-19,10558
6,0,87859,2019-12-19,10278
6,0,87878,2019-12-20,2030
6,0,87889,2019-12-20,11770
1,0,87890,2019-12-20,12225
6,0,87891,2019-12-20,2146
5,0,87895,2019-12-20,12226
6,0,87897,2019-12-20,12227
6,0,87913,2019-12-21,12228
6,0,87917,2019-12-21,12229
1,0,87922,2019-12-22,12230
6,0,87925,2019-12-22,7522
3,0,87941,2019-12-23,12231
3,0,87946,2019-12-23,12232
6,0,87947,2019-12-23,10160
6,0,87948,2019-12-23,9674
6,0,87952,2019-12-23,2730
6,0,87954,2019-12-23,10941
6,0,87958,2019-12-23,3047
6,0,87962,2019-12-23,2143
3,0,87966,2019-12-23,12233
6,0,87967,2019-12-23,11019
6,0,87989,2019-12-26,7863
6,0,87990,2019-12-26,10429
3,0,87992,2019-12-26,12235
6,0,87999,2019-12-26,8058
3,0,88008,2019-12-26,12236
6,0,88012,2019-12-26,8766
6,0,88013,2019-12-26,9082
6,0,88033,2019-12-27,2619
6,0,88039,2019-12-27,4505
3,0,88040,2019-12-27,12240
1,73079,0,2019-12-27,12238
6,0,88050,2019-12-28,10305
6,0,88051,2019-12-28,10342
5,0,88053,2019-12-28,12242
6,73086,0,2019-12-28,12241
6,0,88054,2019-12-28,10061
6,0,88055,2019-12-28,9594
6,0,88056,2019-12-28,8395
6,0,88059,2019-12-28,11681
1,0,88071,2019-12-29,12245
3,0,88091,2019-12-30,12246
6,0,88092,2019-12-30,12247
3,0,88094,2019-12-30,12248
6,0,88096,2019-12-30,12249
3,0,88121,2019-12-31,12250
6,0,88128,2020-01-02,9724
0,0,88130,2020-01-02,1165
6,0,88135,2020-01-02,9316
6,0,88139,2020-01-02,12251
6,0,88144,2020-01-02,11039
6,0,88148,2020-01-02,2418
6,0,88154,2020-01-03,12252
6,0,88158,2020-01-03,5570
3,0,88162,2020-01-03,12253
3,0,88164,2020-01-03,10657
6,0,88167,2020-01-03,7845
5,0,88168,2020-01-03,12254
6,0,88184,2020-01-04,12239
6,0,88196,2020-01-04,1435
6,0,88197,2020-01-04,12255
6,0,88206,2020-01-04,12256
3,0,88207,2020-01-05,11213
6,0,88210,2020-01-05,12213
6,0,88217,2020-01-06,11073
6,0,88225,2020-01-06,1001
3,0,88228,2020-01-06,12257
6,0,88234,2020-01-06,10897
6,0,88246,2020-01-06,8134
6,0,88269,2020-01-07,12258
6,0,88295,2020-01-08,9152
5,0,88296,2020-01-08,12260
6,0,88304,2020-01-08,9217
6,0,88312,2020-01-08,12262
6,0,88319,2020-01-08,9501
6,0,88332,2020-01-09,11064
6,0,88335,2020-01-09,1243
6,0,88349,2020-01-09,8952
6,0,88362,2020-01-10,12263
6,0,0,2020-01-10,7720
3,0,88375,2020-01-10,12265
1,0,88403,2020-01-12,12266
6,0,88405,2020-01-13,11828
1,0,88406,2020-01-13,12267
6,0,88404,2020-01-13,1001
6,0,88425,2020-01-13,10254
6,0,88428,2020-01-13,1217
6,0,88429,2020-01-13,9335
1,73482,0,2020-01-13,12210
7,0,88435,2020-01-13,12268
6,0,88436,2020-01-13,5864
6,0,88451,2020-01-14,12269
3,0,88464,2020-01-14,12270
6,0,88465,2020-01-14,362
3,0,88466,2020-01-14,5050
5,0,88469,2020-01-14,12271
6,0,88474,2020-01-14,12272
6,0,88475,2020-01-14,10247
6,0,88478,2020-01-14,686
6,0,88481,2020-01-14,11465
2,0,88487,2020-01-14,12273
3,0,88489,2020-01-14,12274
6,0,88492,2020-01-15,5469
6,0,88498,2020-01-15,12275
4,0,88503,2020-01-15,12277
3,0,88507,2020-01-15,8462
6,0,88511,2020-01-15,7934
6,0,88522,2020-01-15,11109
6,0,88523,2020-01-15,9588
6,0,88548,2020-01-16,9667
6,0,88549,2020-01-16,12278
6,0,88552,2020-01-16,7126
6,0,88567,2020-01-17,11739
6,0,88578,2020-01-17,5732
1,0,88591,2020-01-18,12279
3,0,88599,2020-01-18,12280
6,0,88601,2020-01-18,7173
6,0,88602,2020-01-18,5906
6,0,88607,2020-01-18,11610
6,0,88609,2020-01-18,10904
6,0,88630,2020-01-20,2607
3,0,88631,2020-01-20,12281
5,0,88634,2020-01-20,12282
6,0,88636,2020-01-20,4696
5,0,88640,2020-01-20,12284
6,0,88641,2020-01-20,11266
6,0,88645,2020-01-20,12285
6,0,88646,2020-01-20,6807
6,0,88654,2020-01-20,7144
3,0,88657,2020-01-20,12286
5,0,88664,2020-01-20,12287
6,0,88679,2020-01-21,12288
6,0,88697,2020-01-22,10984
6,0,88701,2020-01-22,9862
6,0,88726,2020-01-23,8104
6,0,88731,2020-01-23,8980
6,0,88763,2020-01-24,6461
6,0,88766,2020-01-24,12215
6,0,88775,2020-01-24,11094
5,0,88777,2020-01-24,12290
5,0,88778,2020-01-24,12291
6,0,88783,2020-01-25,9952
6,0,88784,2020-01-25,1972
2,0,88795,2020-01-25,12293
2,0,88796,2020-01-25,12294
6,0,88804,2020-01-25,12295
6,0,88805,2020-01-25,12296
6,0,88806,2020-01-25,11552
6,0,88808,2020-01-26,4121
6,0,88814,2020-01-26,12297
3,0,88815,2020-01-26,4897
0,0,88820,2020-01-27,10270
6,0,88834,2020-01-27,9975
5,0,88846,2020-01-28,12298
6,0,88850,2020-01-28,1555
6,0,88864,2020-01-29,6487
1,73987,0,2020-01-29,12299
6,0,88892,2020-01-30,5012
3,0,88902,2020-01-30,12301
6,0,88913,2020-01-31,4968
1,0,88939,2020-02-01,12302
6,0,88943,2020-02-01,10832
3,0,88948,2020-02-01,12303
6,0,88959,2020-02-02,11125
5,0,88976,2020-02-02,12305
6,0,88991,2020-02-03,11172
6,0,88995,2020-02-03,7780
6,0,88997,2020-02-03,11122
1,0,89005,2020-02-04,12307
7,0,89039,2020-02-05,12308
6,0,89049,2020-02-05,11503
6,0,89066,2020-02-06,12310
6,0,89068,2020-02-06,11785
6,0,89072,2020-02-06,12311
3,0,89081,2020-02-06,12312
6,0,89095,2020-02-07,8674
6,0,89099,2020-02-07,4207
6,0,89117,2020-02-07,9628
1,0,89118,2020-02-07,12314
6,0,89120,2020-02-08,311
6,0,89137,2020-02-09,5725
6,0,89148,2020-02-09,11732
3,0,89158,2020-02-10,12315
6,0,89164,2020-02-10,12316
6,0,89166,2020-02-10,9404
6,0,89168,2020-02-10,8682
2,0,89170,2020-02-10,12317
6,0,89183,2020-02-11,6248
6,0,89189,2020-02-11,11326
6,0,89196,2020-02-11,12318
6,0,89204,2020-02-11,10027
1,0,0,2020-02-11,3950
6,0,89213,2020-02-12,12319
0,0,89216,2020-02-12,12320
3,0,89232,2020-02-12,12321
3,0,89234,2020-02-13,12322
6,0,89242,2020-02-13,2725
6,0,89042,2020-02-13,12210
6,0,89244,2020-02-13,11614
3,0,89247,2020-02-13,12323
6,0,89259,2020-02-13,11035
3,0,89263,2020-02-13,3918
6,0,89288,2020-02-14,8442
6,0,89292,2020-02-14,10957
1,0,89293,2020-02-14,12325
6,0,89294,2020-02-15,9156
6,0,89298,2020-02-15,11526
6,0,89310,2020-02-15,8212
6,0,89320,2020-02-16,12327
6,0,89323,2020-02-16,12328
6,0,89328,2020-02-17,10561
6,0,89331,2020-02-17,10507
6,0,89335,2020-02-17,10873
6,0,89336,2020-02-17,12324
6,0,89339,2020-02-17,8227
6,0,89348,2020-02-17,11651
3,0,89370,2020-02-18,12330
6,0,89373,2020-02-18,8392
1,0,89379,2020-02-19,12331
6,0,89383,2020-02-19,11361
6,0,89388,2020-02-19,2363
6,0,89394,2020-02-19,12332
1,0,89407,2020-02-19,12333
3,0,89420,2020-02-20,12334
6,0,89421,2020-02-20,7759
6,0,89426,2020-02-20,12335
1,0,89430,2020-02-20,12336
6,0,89434,2020-02-20,3218
6,0,89441,2020-02-21,12283
6,0,89443,2020-02-21,11778
6,0,89449,2020-02-21,9479
3,0,89454,2020-02-21,12338
3,0,89459,2020-02-21,12340
6,0,89463,2020-02-21,11981
3,0,89464,2020-02-21,12341
3,0,89466,2020-02-21,10905
1,0,89469,2020-02-22,12342
3,0,89480,2020-02-22,3704
3,0,89485,2020-02-22,5703
6,0,89493,2020-02-24,12343
1,0,89496,2020-02-24,12344
3,0,89496,2020-02-24,12344
6,0,89501,2020-02-24,8657
6,0,89510,2020-02-24,6816
6,0,89522,2020-02-25,12345
5,0,89525,2020-02-25,12346
6,0,89534,2020-02-26,5055
6,0,89542,2020-02-26,6142
6,0,89543,2020-02-26,8609
6,0,89549,2020-02-26,11052
6,0,89558,2020-02-27,11136
6,0,89565,2020-02-27,11675
6,0,89566,2020-02-27,12347
6,0,89568,2020-02-27,2246
6,0,89573,2020-02-27,11582
6,0,89599,2020-02-28,12349
6,0,89605,2020-02-28,12348
1,0,89609,2020-02-28,12350
6,0,89620,2020-02-29,12351
6,0,89622,2020-02-29,5728
6,0,89636,2020-02-29,11889
6,0,89640,2020-02-29,10992
3,0,89645,2020-03-01,12352
6,0,89658,2020-03-02,8652
6,0,89677,2020-03-02,12354
7,0,89681,2020-03-02,9840
6,0,89688,2020-03-03,8938
6,0,89691,2020-03-03,12337
6,0,89695,2020-03-03,12356
6,0,89697,2020-03-03,9697
6,0,89716,2020-03-04,9943
6,0,89739,2020-03-05,12357
6,0,89759,2020-03-06,12358
6,0,89770,2020-03-06,3214
6,0,89773,2020-03-06,9744
6,0,89782,2020-03-07,2682
6,0,89797,2020-03-07,3317
6,0,89798,2020-03-07,7222
6,0,89801,2020-03-07,6130
6,0,89814,2020-03-08,12360
6,0,89822,2020-03-09,12361
6,0,89823,2020-03-09,12362
6,0,89824,2020-03-09,12261
6,0,89831,2020-03-09,7109
6,0,89845,2020-03-09,7198
6,0,89847,2020-03-09,9286
6,0,89854,2020-03-10,8893
6,0,89874,2020-03-10,2138
6,0,89883,2020-03-11,12364
6,0,89884,2020-03-11,12365
6,0,89885,2020-03-11,12366
6,0,89895,2020-03-11,12367
6,0,89909,2020-03-11,12368
6,0,89915,2020-03-12,12369
2,0,89930,2020-03-12,12370
3,0,89932,2020-03-12,12371
6,0,89940,2020-03-13,10720
6,0,89957,2020-03-13,10811
6,0,89962,2020-03-13,11500
6,0,89982,2020-03-14,12372
6,0,89990,2020-03-14,10665
6,0,90018,2020-03-16,12373
6,0,90019,2020-03-16,6799
1,0,90033,2020-03-16,12374
1,0,90036,2020-03-16,12375
6,0,90050,2020-03-17,12376
6,0,90053,2020-03-17,12378
6,0,90059,2020-03-17,12353
6,0,90068,2020-03-17,12379
3,0,90072,2020-03-18,12380
1,0,90074,2020-03-18,12377
6,0,90079,2020-03-18,12381
6,0,90100,2020-03-19,10900
6,0,90101,2020-03-19,5562
6,0,90106,2020-03-19,8066
1,0,90121,2020-03-20,12383
6,0,90126,2020-03-20,12382
1,75438,0,2020-03-20,12300
6,0,90133,2020-03-20,4109
6,0,90136,2020-03-20,12385
6,0,90142,2020-03-20,9004
6,0,90162,2020-03-21,12386
1,0,90163,2020-03-21,12387
6,0,90165,2020-03-21,12384
6,0,90183,2020-03-23,11198
6,0,90187,2020-03-23,12388
6,0,90223,2020-03-24,8559
6,0,90225,2020-03-24,2850
6,0,90243,2020-03-25,1601
6,0,90249,2020-03-25,12392
6,0,90251,2020-03-25,11127
6,0,90253,2020-03-25,4523
6,0,90257,2020-03-26,10129
6,0,90263,2020-03-26,11840
6,0,90272,2020-03-26,12393
5,0,90275,2020-03-27,12394
6,0,90278,2020-03-27,3881
6,0,90300,2020-03-28,12390
6,0,90304,2020-03-28,1223
6,0,90308,2020-03-28,7629
6,0,90309,2020-03-28,12395
6,0,90312,2020-03-28,10346
6,0,90325,2020-03-30,12181
6,0,90330,2020-03-30,12397
6,0,90338,2020-03-30,5924
6,0,90345,2020-03-30,2230
6,0,90376,2020-04-01,10369
1,75701,0,2020-04-01,12398
6,0,90394,2020-04-02,6410
6,0,90396,2020-04-02,12399
1,0,90406,2020-04-02,12400
6,0,90409,2020-04-02,12401
6,0,90410,2020-04-02,12402
6,0,90415,2020-04-02,7182
6,0,90424,2020-04-03,12404
6,75751,0,2020-04-03,12403
6,0,90426,2020-04-03,12405
6,0,90433,2020-04-03,1954
6,0,90448,2020-04-04,12396
6,0,90453,2020-04-04,12406
3,0,90455,2020-04-04,12407
1,0,90457,2020-04-04,12408
6,0,90479,2020-04-06,10595
6,0,90481,2020-04-06,12409
5,0,90483,2020-04-06,12410
6,0,90490,2020-04-06,11357
6,0,90500,2020-04-07,1509
6,0,90507,2020-04-07,12411
6,0,90509,2020-04-07,12412
6,0,90539,2020-04-08,10687
3,0,90541,2020-04-09,12413
1,0,90563,2020-04-10,12414
6,0,90570,2020-04-11,9552
3,0,90573,2020-04-11,12415
6,0,90580,2020-04-11,75
6,0,90583,2020-04-11,11058
6,0,90587,2020-04-12,5471
6,0,90600,2020-04-13,12416
6,0,90602,2020-04-13,12417
6,0,90604,2020-04-13,2892
6,0,90625,2020-04-14,1812
6,0,90644,2020-04-15,11046
6,0,90651,2020-04-16,12418
6,0,90654,2020-04-16,12419
6,0,90655,2020-04-16,12420
6,0,90659,2020-04-16,260
6,0,90661,2020-04-16,11630
6,0,90681,2020-04-17,11574
6,0,90711,2020-04-18,12421
6,0,90713,2020-04-18,12422
6,0,90714,2020-04-18,4943
6,0,90727,2020-04-20,12423
6,0,90733,2020-04-20,12424
6,0,90736,2020-04-20,10948
1,0,90740,2020-04-20,12425
6,0,90753,2020-04-21,12426
6,0,90759,2020-04-21,11720
6,0,90769,2020-04-21,11162
6,0,90787,2020-04-22,12427
6,0,90788,2020-04-22,3853
6,0,90810,2020-04-23,9181
1,0,90824,2020-04-23,12428
1,0,90875,2020-04-25,12429
3,0,90879,2020-04-25,12430
1,0,90882,2020-04-25,11705
3,0,90883,2020-04-25,12431
7,0,90886,2020-04-25,9402
6,0,90936,2020-04-28,12432
6,0,90938,2020-04-28,10831
3,0,90940,2020-04-28,12433
6,0,90941,2020-04-28,10140
6,0,90979,2020-04-30,4656
6,0,90991,2020-04-30,12435
6,0,91020,2020-05-02,12436
6,0,91022,2020-05-02,11448
6,0,91032,2020-05-02,7174
6,0,91035,2020-05-02,12437
3,0,91040,2020-05-03,11340
6,0,91051,2020-05-04,12434
6,0,91057,2020-05-04,12439
6,0,91081,2020-05-05,12440
6,0,91110,2020-05-06,12444
6,0,91132,2020-05-07,12445
6,0,91139,2020-05-08,8233
6,0,91148,2020-05-08,5215
6,0,91161,2020-05-08,12446
6,0,91162,2020-05-09,12442
6,0,91206,2020-05-11,530
6,0,91207,2020-05-11,3298
6,0,91213,2020-05-11,9426
6,0,91228,2020-05-12,12447
6,0,91229,2020-05-12,12448
6,0,91230,2020-05-12,3290
6,0,91231,2020-05-12,1063
6,0,91239,2020-05-12,12449
6,0,91277,2020-05-14,10426
6,0,91281,2020-05-14,12450
6,0,91289,2020-05-14,12451
6,0,91306,2020-05-15,12452
5,0,91320,2020-05-15,12453
6,0,91322,2020-05-16,11006
6,0,91333,2020-05-16,6271
6,0,91341,2020-05-16,9563
6,0,91344,2020-05-16,4296
6,0,91345,2020-05-16,6011
6,0,91349,2020-05-17,12454
6,0,91356,2020-05-17,12455
1,0,91371,2020-05-18,12456
3,0,89458,2020-05-18,12339
1,0,91378,2020-05-18,12457
2,0,91378,2020-05-18,12457
3,0,91378,2020-05-18,12457
0,0,91376,2020-05-18,12377
6,0,91388,2020-05-19,763
6,0,91389,2020-05-19,12458
6,0,91390,2020-05-19,12459
6,0,91392,2020-05-19,12460
6,0,91393,2020-05-19,8602
6,0,91401,2020-05-19,6372
6,0,91418,2020-05-20,12461
6,0,91431,2020-05-21,1406
6,0,91459,2020-05-22,12462
6,0,91475,2020-05-22,10649
6,0,91495,2020-05-24,5689
6,0,91503,2020-05-24,12463
1,0,91541,2020-05-26,12465
1,0,91545,2020-05-26,12466
1,0,91546,2020-05-26,12467
6,0,91549,2020-05-26,12468
7,0,91554,2020-05-26,12469
6,0,91580,2020-05-27,12471
6,0,91582,2020-05-27,12472
6,0,91599,2020-05-27,12473
6,0,91601,2020-05-27,5404
6,0,91605,2020-05-28,12474
6,0,91624,2020-05-28,12470
6,0,91658,2020-05-29,9406
3,0,91668,2020-05-30,12475
6,0,91669,2020-05-30,12476
6,0,91674,2020-05-30,11248
6,0,91682,2020-05-31,12477
6,0,91689,2020-06-01,12478
6,0,91690,2020-06-01,12479
6,0,91691,2020-06-01,6144
6,0,91693,2020-06-01,11976
6,0,91699,2020-06-01,12480
1,0,91705,2020-06-01,12482
6,0,91712,2020-06-01,12483
6,0,91722,2020-06-01,12484
6,0,91736,2020-06-02,11286
6,0,91737,2020-06-02,9751
3,0,91747,2020-06-02,12486
3,0,91751,2020-06-02,12487
3,0,91753,2020-06-02,12488
6,0,91785,2020-06-03,5068
6,0,91788,2020-06-03,8547
6,0,91806,2020-06-04,11054
6,0,91808,2020-06-04,6088
6,0,91812,2020-06-04,12489
3,0,91813,2020-06-04,12490
6,0,91824,2020-06-05,216
6,0,91834,2020-06-05,11780
6,0,91846,2020-06-05,5511
6,0,91868,2020-06-06,9543
6,0,91875,2020-06-06,8922
6,0,91877,2020-06-06,7177
6,0,91889,2020-06-07,2941
1,0,91897,2020-06-08,12491
1,0,91904,2020-06-08,12492
6,0,91910,2020-06-08,9034
6,0,91929,2020-06-09,12494
6,0,91938,2020-06-09,11092
6,0,91949,2020-06-09,12497
6,0,91963,2020-06-10,12499
1,0,91989,2020-06-11,12500
3,0,91990,2020-06-11,12501
6,0,92003,2020-06-11,4245
6,0,92020,2020-06-12,5644
6,0,92023,2020-06-12,12502
6,0,92024,2020-06-12,8861
6,0,92029,2020-06-12,10466
3,0,92055,2020-06-13,12504
6,0,92057,2020-06-13,206
6,0,92060,2020-06-13,3085
3,0,92063,2020-06-13,12505
6,0,92066,2020-06-13,7604
6,0,92089,2020-06-15,5250
6,77483,0,2020-06-15,8716
6,0,92105,2020-06-15,1150
6,0,92109,2020-06-15,12506
6,0,92113,2020-06-15,7983
6,0,92117,2020-06-15,12507
1,0,92117,2020-06-15,12507
6,0,92118,2020-06-15,10025
6,0,92120,2020-06-16,5165
6,0,92173,2020-06-17,10788
6,0,92176,2020-06-17,12503
6,0,92179,2020-06-17,2983
6,0,92182,2020-06-17,12116
6,0,92202,2020-06-18,12509
6,0,92231,2020-06-19,11601
6,0,92239,2020-06-19,5026
6,0,92282,2020-06-21,12511
6,0,92297,2020-06-22,12513
6,0,92299,2020-06-22,9015
6,0,92347,2020-06-23,12515
6,0,92350,2020-06-23,12516
3,0,92355,2020-06-24,12517
3,0,92364,2020-06-24,12518
6,0,92366,2020-06-24,12514
6,0,92383,2020-06-25,11893
6,0,92389,2020-06-25,2513
6,0,92394,2020-06-25,11856
6,0,92409,2020-06-25,10133
6,0,92411,2020-06-25,12519
6,0,92422,2020-06-26,12520
6,0,92426,2020-06-26,6147
6,0,92431,2020-06-26,12521
6,0,92428,2020-06-26,3733
6,0,92437,2020-06-26,1659
6,0,92445,2020-06-27,12522
6,0,92449,2020-06-27,12523
6,0,92461,2020-06-28,2301
6,0,92467,2020-06-28,12525
6,0,92519,2020-06-30,12526
1,0,92537,2020-07-01,12528
7,0,92543,2020-07-01,12529
1,0,92556,2020-07-01,12530
6,0,92557,2020-07-01,12531
1,0,92558,2020-07-01,12532
2,0,92559,2020-07-01,12533
6,0,92566,2020-07-01,12534
1,77911,0,2020-07-02,8489
6,0,92593,2020-07-02,10077
1,0,92614,2020-07-03,6230
6,0,92615,2020-07-03,12536
1,0,92619,2020-07-03,12537
1,0,92621,2020-07-03,12538
1,0,92625,2020-07-03,12539
6,0,92628,2020-07-03,4610
6,0,92650,2020-07-04,7190
6,0,92653,2020-07-04,12540
6,0,92663,2020-07-04,9323
6,0,92695,2020-07-06,12542
7,0,92696,2020-07-06,11654
6,0,92703,2020-07-06,11822
1,0,92704,2020-07-06,12543
6,0,92708,2020-07-06,30
6,0,92729,2020-07-07,11028
6,0,92740,2020-07-07,12545
6,0,92747,2020-07-07,12546
1,0,92753,2020-07-08,12547
3,0,92766,2020-07-08,12548
6,0,92782,2020-07-09,12549
1,0,92785,2020-07-09,8195
6,0,92799,2020-07-09,8913
6,0,92834,2020-07-10,12552
1,0,92845,2020-07-11,12553
3,0,92871,2020-07-12,12554
1,0,92877,2020-07-12,12555
6,78214,0,2020-07-13,11899
6,0,92887,2020-07-13,5155
3,0,92895,2020-07-13,12556
6,0,92899,2020-07-13,8582
2,0,92906,2020-07-13,12557
6,0,92911,2020-07-13,12558
6,0,92913,2020-07-13,12560
6,0,92914,2020-07-13,12561
6,0,92915,2020-07-13,12562
6,0,92921,2020-07-13,12563
7,0,92940,2020-07-14,12564
1,0,92952,2020-07-14,12566
3,0,92957,2020-07-14,8571
6,0,92965,2020-07-15,12567
6,0,92986,2020-07-15,11642
6,0,92987,2020-07-15,12569
6,0,93004,2020-07-16,11587
6,0,93006,2020-07-16,2589
6,0,93010,2020-07-16,5535
6,0,93011,2020-07-16,5144
6,0,93013,2020-07-16,10440
3,0,93025,2020-07-17,12572
6,0,92997,2020-07-17,584
0,0,93032,2020-07-17,12571
6,0,93054,2020-07-17,6289
6,0,93056,2020-07-17,7518
6,0,93075,2020-07-18,998
6,0,93076,2020-07-18,4715
6,0,93080,2020-07-18,5917
6,0,93091,2020-07-19,8348
6,0,93095,2020-07-19,12574
6,0,93101,2020-07-19,12575
6,0,93103,2020-07-20,8421
6,0,93104,2020-07-20,4467
6,0,93114,2020-07-20,12576
2,0,93127,2020-07-20,12577
6,0,93145,2020-07-21,7265
6,0,93147,2020-07-21,12578
3,0,93157,2020-07-21,12579
7,0,93165,2020-07-21,12580
3,0,93179,2020-07-22,12581
6,0,93180,2020-07-22,12582
5,0,93195,2020-07-22,12583
6,0,93209,2020-07-23,12584
6,0,93217,2020-07-23,11355
5,0,93219,2020-07-23,12585
3,0,93220,2020-07-23,12586
3,0,93223,2020-07-24,4197
6,0,93228,2020-07-24,5680
6,78573,0,2020-07-24,6026
1,0,93234,2020-07-24,12587
6,0,93236,2020-07-24,5801
2,0,93253,2020-07-24,12588
2,0,93255,2020-07-24,12589
6,0,93263,2020-07-25,12590
5,0,93270,2020-07-25,12591
6,0,93276,2020-07-25,11217
8,0,93294,2020-07-26,12592
6,0,93307,2020-07-27,11729
3,0,93339,2020-07-28,12593
6,0,93350,2020-07-28,146
1,0,93358,2020-07-29,12595
3,0,93371,2020-07-29,12596
1,0,93384,2020-07-29,12597
6,0,93386,2020-07-29,11317
1,0,93400,2020-07-30,12599
1,0,93415,2020-07-31,12600
6,0,93434,2020-07-31,7440
6,0,93446,2020-08-01,7856
2,0,93465,2020-08-02,12603
6,0,93479,2020-08-03,7322
6,0,93482,2020-08-03,8142
1,0,93483,2020-08-03,12605
8,0,93488,2020-08-03,12606
6,0,93490,2020-08-03,10268
8,0,93496,2020-08-03,9135
6,0,93504,2020-08-04,12607
6,0,93522,2020-08-04,5761
6,0,93542,2020-08-05,12608
8,0,93549,2020-08-05,12609
5,0,93551,2020-08-05,12610
6,0,93564,2020-08-06,8856
2,0,93581,2020-08-07,12611
3,0,93646,2020-08-10,12612
5,0,93676,2020-08-11,12614
1,0,93682,2020-08-11,12615
1,0,93720,2020-08-12,12617
6,0,93722,2020-08-12,12618
6,0,93730,2020-08-12,5022
6,0,93754,2020-08-13,7358
6,0,93758,2020-08-13,11785
8,0,93766,2020-08-13,8354
5,0,93770,2020-08-14,12619
6,0,93781,2020-08-14,7167
6,0,93792,2020-08-14,12620
6,79117,0,2020-08-15,4436
3,0,93807,2020-08-15,12621
3,0,93860,2020-08-18,12622
5,0,93865,2020-08-18,12623
6,0,93877,2020-08-18,12625
1,0,93886,2020-08-19,12626
6,0,93896,2020-08-19,12628
5,0,93898,2020-08-19,12629
5,0,93923,2020-08-20,12630
6,0,93939,2020-08-20,809
3,0,93950,2020-08-21,12631
3,0,93955,2020-08-21,12632
6,0,93956,2020-08-21,12633
2,0,93965,2020-08-21,12635
6,0,93983,2020-08-22,12636
6,0,94015,2020-08-24,8794
6,0,94027,2020-08-24,3749
6,0,94031,2020-08-24,2352
6,0,94036,2020-08-24,11507
5,0,94043,2020-08-24,12639
5,0,94073,2020-08-25,12643
6,0,94089,2020-08-26,8871
1,0,94093,2020-08-26,12644
3,0,94100,2020-08-26,12648
5,0,94100,2020-08-26,12648
5,0,94102,2020-08-26,12649
6,0,94101,2020-08-26,3318
6,0,94107,2020-08-26,9778
6,0,94110,2020-08-26,4192
6,0,94130,2020-08-27,12650
6,0,94137,2020-08-27,2459
5,0,94141,2020-08-28,12652
3,0,94145,2020-08-28,12651
1,0,94147,2020-08-28,12653
6,79471,0,2020-08-28,2794
6,0,94171,2020-08-28,12654
6,0,94186,2020-08-29,9758
3,0,94191,2020-08-29,12655
6,0,94198,2020-08-29,7166
5,0,94206,2020-08-29,12656
6,0,94216,2020-08-30,7235
6,0,94230,2020-08-31,5439
3,0,94231,2020-08-31,12657
6,0,94243,2020-08-31,8635
4,0,94249,2020-08-31,12660
6,0,94252,2020-08-31,12661
6,0,94272,2020-09-01,9679
6,0,94277,2020-09-01,11112
6,0,94281,2020-09-01,12662
5,0,94295,2020-09-01,12665
6,0,94296,2020-09-01,9682
5,0,94302,2020-09-02,12664
6,0,94312,2020-09-02,4938
6,0,94315,2020-09-02,11518
6,0,94318,2020-09-02,11860
3,0,94336,2020-09-03,12666
5,0,94359,2020-09-03,12667
3,0,94365,2020-09-03,12669
3,0,94381,2020-09-04,12670
6,0,94403,2020-09-04,9419
5,0,94406,2020-09-04,12671
5,0,94414,2020-09-05,12672
5,0,94424,2020-09-05,12673
1,0,94438,2020-09-06,12674
6,0,94451,2020-09-07,12676
5,0,94460,2020-09-07,12677
8,0,94462,2020-09-07,12678
6,0,94471,2020-09-08,11644
1,0,94474,2020-09-08,5032
6,0,94476,2020-09-08,10231
3,0,94483,2020-09-08,11292
6,0,94488,2020-09-08,8919
5,0,94492,2020-09-08,12682
6,0,94497,2020-09-08,5278
1,0,94526,2020-09-09,12684
5,0,94531,2020-09-09,12685
3,0,94538,2020-09-09,12686
5,0,94538,2020-09-09,12686
2,0,94568,2020-09-10,12687
6,0,94572,2020-09-10,12683
5,0,94573,2020-09-10,12688
6,0,94608,2020-09-11,12689
1,0,94621,2020-09-11,12690
6,0,94632,2020-09-12,7087
3,0,94635,2020-09-12,12691
5,0,94637,2020-09-12,12692
5,0,94646,2020-09-12,12693
5,0,94649,2020-09-12,12694
6,0,94673,2020-09-14,8511
8,0,94686,2020-09-14,12695
1,0,94690,2020-09-14,12696
6,0,94694,2020-09-14,8362
6,0,94695,2020-09-14,9638
3,0,94696,2020-09-15,12698
3,0,94723,2020-09-15,12699
6,0,94759,2020-09-16,12700
8,0,94782,2020-09-16,12704
3,0,94806,2020-09-17,12705
3,0,94815,2020-09-17,12707
5,0,94816,2020-09-17,12708
6,0,94818,2020-09-17,7402
6,0,94819,2020-09-17,6223
6,0,94839,2020-09-18,5686
6,0,94841,2020-09-18,5950
1,0,94848,2020-09-18,12709
1,0,94850,2020-09-18,12710
3,0,94870,2020-09-19,12613
3,0,94871,2020-09-19,12711
8,0,94875,2020-09-19,12712
8,0,94883,2020-09-19,12713
3,0,94884,2020-09-19,4455
2,0,94886,2020-09-19,12714
5,0,94887,2020-09-19,12715
1,0,94895,2020-09-19,12716
6,0,94898,2020-09-19,12717
6,0,94905,2020-09-20,5263
6,0,94922,2020-09-21,4952
1,0,94933,2020-09-21,12718
8,0,94948,2020-09-21,12720
6,0,94969,2020-09-22,12697
6,0,94977,2020-09-22,12624
1,0,94982,2020-09-22,12721
8,0,94984,2020-09-22,12722
6,80262,0,2020-09-22,11398
6,0,94995,2020-09-22,12724
1,80268,0,2020-09-22,12723
6,0,95018,2020-09-23,12725
1,0,95043,2020-09-24,12726
1,0,95045,2020-09-24,12727
6,0,95061,2020-09-25,2812
1,0,95070,2020-09-25,12729
6,0,95084,2020-09-26,4110
3,0,95089,2020-09-26,12730
1,0,95093,2020-09-26,12731
2,0,95094,2020-09-26,3854
6,0,95111,2020-09-27,5886
8,0,95127,2020-09-28,12732
1,0,95128,2020-09-28,12728
8,0,95133,2020-09-28,12733
6,0,95140,2020-09-28,7118
3,0,95154,2020-09-29,12734
8,0,95168,2020-09-30,12735
5,0,95195,2020-09-30,12737
2,0,95213,2020-10-01,12738
6,0,95214,2020-10-01,7355
6,0,95236,2020-10-02,2780
3,0,95238,2020-10-02,12740
6,0,95241,2020-10-02,12741
1,0,95252,2020-10-02,12742
6,0,95258,2020-10-02,1677
2,0,95272,2020-10-03,12743
8,0,95278,2020-10-03,12744
3,0,95280,2020-10-03,12745
6,0,95289,2020-10-04,9339
6,0,95297,2020-10-05,10416
1,0,95304,2020-10-05,12747
8,0,95315,2020-10-05,12748
6,0,95323,2020-10-05,9271
1,0,95355,2020-10-06,12749
8,0,95361,2020-10-06,12750
6,0,95362,2020-10-06,12751
6,0,95381,2020-10-07,5476
1,0,95386,2020-10-07,12753
6,0,95403,2020-10-08,12755
6,0,95419,2020-10-08,7630
8,0,95428,2020-10-09,12756
8,0,95432,2020-10-09,12757
3,0,95437,2020-10-09,12758
8,80765,0,2020-10-09,12616
8,0,95446,2020-10-09,12759
3,0,95464,2020-10-10,12760
5,0,95469,2020-10-10,12761
6,0,95479,2020-10-10,3783
3,0,95483,2020-10-11,12762
6,0,95534,2020-10-14,3724
6,0,95535,2020-10-14,12604
6,0,95568,2020-10-15,12763
6,0,95587,2020-10-16,12764
8,0,95602,2020-10-16,12765
1,0,95605,2020-10-16,12766
8,0,95605,2020-10-16,12766
6,0,95606,2020-10-16,10641
8,0,95609,2020-10-16,12767
8,0,95614,2020-10-17,12768
8,0,95617,2020-10-17,12769
5,0,95618,2020-10-17,12770
8,0,95620,2020-10-17,12771
6,0,95635,2020-10-17,5
6,0,95638,2020-10-18,6027
8,0,95642,2020-10-18,12772
1,0,95645,2020-10-19,12773
3,0,95648,2020-10-19,12775
1,0,95652,2020-10-19,12776
3,0,95664,2020-10-19,12780
6,0,95668,2020-10-19,12781
6,0,95675,2020-10-19,10859
6,0,95683,2020-10-20,3681
6,0,95686,2020-10-20,12783
5,0,95687,2020-10-20,12784
1,0,95689,2020-10-20,12782
3,0,95695,2020-10-20,12786
6,0,95696,2020-10-20,12785
5,0,95710,2020-10-20,12787
6,0,95723,2020-10-21,8858
6,0,95733,2020-10-21,9557
3,0,95760,2020-10-22,12788
6,0,95768,2020-10-22,4043
1,0,95769,2020-10-22,12789
6,0,95770,2020-10-22,12790
3,0,95804,2020-10-23,12791
5,0,95806,2020-10-23,12792
6,0,95808,2020-10-24,7890
6,0,95860,2020-10-26,6135
1,0,95865,2020-10-26,12793
6,0,95878,2020-10-27,9044
6,0,95879,2020-10-27,12794
6,0,95881,2020-10-27,10225
6,0,95887,2020-10-27,12795
1,0,95900,2020-10-28,12796
1,0,95902,2020-10-28,12797
3,0,95903,2020-10-28,12798
3,0,95912,2020-10-28,12799
6,0,95922,2020-10-28,12800
6,0,95928,2020-10-28,10131
6,0,95933,2020-10-28,6815
6,0,95938,2020-10-29,1948
6,0,95943,2020-10-29,8381
6,0,95957,2020-10-30,12804
6,0,95965,2020-10-30,11621
5,0,95969,2020-10-30,12805
6,0,95972,2020-10-30,7596
1,0,95983,2020-10-31,12806
6,0,96003,2020-11-01,9601
2,0,96032,2020-11-05,12807
6,0,96036,2020-11-05,1280
1,0,96076,2020-11-05,12808
1,0,96077,2020-11-05,12809
5,0,96090,2020-11-06,12810
5,0,96099,2020-11-06,12811
6,0,96106,2020-11-06,12812
1,0,96139,2020-11-08,12814
6,0,96150,2020-11-09,2303
6,0,96151,2020-11-09,8784
6,0,96155,2020-11-09,10103
1,0,96160,2020-11-09,12815
6,0,96174,2020-11-10,5524
3,0,96182,2020-11-10,12816
6,0,96186,2020-11-10,2882
6,0,96189,2020-11-10,12817
6,0,96190,2020-11-10,6318
6,0,96214,2020-11-11,12821
6,0,96227,2020-11-11,9488
6,0,96228,2020-11-11,6156
1,0,96257,2020-11-12,12822
6,0,96267,2020-11-13,3590
3,0,96271,2020-11-13,12823
5,0,96271,2020-11-13,12823
6,0,96276,2020-11-13,12824
6,0,96279,2020-11-13,12825
6,0,96291,2020-11-13,2834
1,81801,0,2020-11-14,12826
6,0,96306,2020-11-14,6444
1,0,96311,2020-11-14,12827
6,0,96321,2020-11-15,12828
3,0,96325,2020-11-16,12829
6,0,96332,2020-11-16,6152
6,0,96346,2020-11-16,3590
6,0,96372,2020-11-17,3315
6,0,96392,2020-11-18,12830
6,0,96394,2020-11-18,8385
3,0,96406,2020-11-18,12831
6,0,96428,2020-11-19,9980
3,0,96430,2020-11-19,12832
6,0,96435,2020-11-19,12834
2,0,96437,2020-11-19,12835
8,0,96443,2020-11-19,12836
6,0,96446,2020-11-19,12837
2,0,96464,2020-11-20,12838
5,0,96481,2020-11-21,12839
6,0,96482,2020-11-21,11381
6,0,96498,2020-11-22,9117
6,0,96499,2020-11-22,7036
8,0,96534,2020-11-23,12840
6,0,96539,2020-11-23,12841
8,0,96539,2020-11-23,12841
3,0,96539,2020-11-23,12841
6,0,96543,2020-11-24,5977
6,0,96547,2020-11-24,12842
6,0,96552,2020-11-24,11425
1,0,96558,2020-11-24,12843
8,0,96561,2020-11-24,12844
6,0,96587,2020-11-25,12846
8,0,96593,2020-11-25,12848
6,0,96595,2020-11-25,11004
1,0,96599,2020-11-25,12850
3,0,96614,2020-11-26,12851
6,82184,0,2020-11-26,1586
8,0,96622,2020-11-26,12852
6,0,96647,2020-11-28,12853
6,0,96655,2020-11-28,6093
5,0,96660,2020-11-28,12854
6,82258,0,2020-11-29,2564
6,0,96669,2020-11-29,10868
1,0,96675,2020-11-30,12855
6,0,96679,2020-11-30,12849
6,0,96683,2020-11-30,10810
8,0,96685,2020-11-30,9765
6,0,96689,2020-11-30,11366
6,0,96715,2020-12-01,9826
6,0,96720,2020-12-01,9972
2,0,96738,2020-12-02,12856
8,0,96748,2020-12-02,12857
2,0,96770,2020-12-03,12858
6,0,96774,2020-12-03,6145
2,0,96809,2020-12-04,12860
2,0,96828,2020-12-05,12862
6,0,96834,2020-12-05,2759
3,0,96851,2020-12-06,12863
6,0,96854,2020-12-06,7059
6,0,96856,2020-12-06,3353
8,0,96860,2020-12-06,12864
3,0,96862,2020-12-07,12866
6,0,96867,2020-12-07,11753
1,0,96868,2020-12-07,11866
1,0,96871,2020-12-07,12867
3,0,96873,2020-12-07,12868
8,0,96874,2020-12-07,12869
5,0,96876,2020-12-07,12870
3,0,96885,2020-12-07,12871
8,0,96886,2020-12-07,12872
6,0,96899,2020-12-08,2963
1,0,96926,2020-12-08,12873
5,0,96931,2020-12-08,12874
3,0,96951,2020-12-09,12875
6,0,96981,2020-12-10,6125
8,0,96994,2020-12-10,12879
8,0,97001,2020-12-10,12881
6,0,97023,2020-12-11,6193
6,0,97025,2020-12-11,8289
8,0,97039,2020-12-11,12883
1,0,97047,2020-12-12,12884
6,0,97058,2020-12-12,2825
8,0,97080,2020-12-13,12885
8,0,97083,2020-12-14,12886
3,0,97085,2020-12-14,12887
1,0,97098,2020-12-14,12888
8,0,97114,2020-12-14,12889
6,0,97123,2020-12-15,4164
8,0,97134,2020-12-15,12890
6,82776,0,2020-12-15,7
6,0,97164,2020-12-16,10783
3,0,97202,2020-12-17,12892
8,0,97219,2020-12-17,12893
6,0,97220,2020-12-17,9048
2,0,97237,2020-12-18,12894
3,0,97239,2020-12-18,12895
6,0,97246,2020-12-18,12896
6,0,97254,2020-12-18,10266
6,0,97280,2020-12-19,5962
6,0,97282,2020-12-19,12897
6,0,97293,2020-12-20,12898
6,0,97311,2020-12-21,9846
6,0,97320,2020-12-21,11399
8,0,97329,2020-12-21,12899
8,0,97332,2020-12-21,12900
6,0,97349,2020-12-22,5740
1,0,97368,2020-12-22,12901
1,0,97372,2020-12-23,12902
6,0,97387,2020-12-23,12903
1,0,97394,2020-12-23,12904
8,0,97397,2020-12-23,12905
6,0,97399,2020-12-23,11418
5,0,97409,2020-12-24,12908
5,0,97411,2020-12-24,12909
2,0,97420,2020-12-24,12911
6,0,97441,2020-12-26,12912
5,0,97443,2020-12-26,12913
8,0,97452,2020-12-27,12914
6,0,97454,2020-12-27,10885
5,0,97468,2020-12-28,12915
6,0,97489,2020-12-28,3629
6,0,97490,2020-12-28,8100
8,0,97491,2020-12-28,12917
8,0,97501,2020-12-29,12918
6,0,97505,2020-12-29,12919
1,0,97513,2020-12-29,12920
6,0,97519,2020-12-29,9652
8,0,97526,2020-12-29,12921
8,0,97530,2020-12-29,12922
6,0,97540,2020-12-30,12924
3,0,97545,2020-12-30,12925
6,0,97556,2020-12-30,5697
6,0,97562,2020-12-30,11158
8,0,97565,2020-12-30,12926
3,0,97571,2020-12-31,12927
8,0,97581,2020-12-31,12928
6,0,97605,2021-01-02,7263
8,0,97632,2021-01-04,12931
8,0,97634,2021-01-04,12932
8,0,97636,2021-01-04,12933
8,0,97662,2021-01-05,12934
2,0,97683,2021-01-06,12935
6,0,97688,2021-01-06,11215
3,0,97724,2021-01-07,12936
6,0,97757,2021-01-08,11848
8,0,97758,2021-01-08,12937
6,0,97762,2021-01-08,12938
8,0,97768,2021-01-09,12939
6,0,97770,2021-01-09,5611
2,0,97779,2021-01-09,12940
3,0,97781,2021-01-09,12941
5,0,97787,2021-01-09,12942
6,0,97791,2021-01-09,8897
6,0,97793,2021-01-09,11649
6,0,97800,2021-01-09,10743
8,0,97802,2021-01-10,12943
6,0,97803,2021-01-10,11076
8,0,97813,2021-01-10,12944
6,0,97828,2021-01-11,8854
6,0,97855,2021-01-12,11883
1,0,97861,2021-01-12,12946
8,0,97868,2021-01-12,12947
1,0,97887,2021-01-13,12948
1,0,97901,2021-01-13,12949
6,0,97918,2021-01-14,10522
6,0,97931,2021-01-14,8877
5,0,97933,2021-01-14,12950
6,0,97981,2021-01-15,12951
6,0,97982,2021-01-15,12952
6,0,98004,2021-01-16,7156
6,0,98011,2021-01-16,12953
6,0,98022,2021-01-17,12954
5,0,98024,2021-01-17,12955
6,0,98041,2021-01-18,4680
6,0,98048,2021-01-18,9349
6,0,98062,2021-01-19,11090
5,0,98068,2021-01-19,12956
6,0,98071,2021-01-19,4953
6,0,98074,2021-01-19,10222
2,0,98082,2021-01-19,12957
5,0,98086,2021-01-19,12958
6,0,98117,2021-01-20,5979
8,0,98118,2021-01-20,12959
5,0,98121,2021-01-20,12960
8,0,98136,2021-01-21,12961
3,0,98136,2021-01-21,12961
6,0,98146,2021-01-21,9645
5,0,98161,2021-01-21,12962
6,0,98171,2021-01-22,1412
1,0,98172,2021-01-22,12963
5,0,98196,2021-01-23,12965
5,0,98221,2021-01-25,12966
1,0,98222,2021-01-25,12967
6,0,98235,2021-01-25,8194
6,0,98237,2021-01-25,7614
6,0,98242,2021-01-25,12969
6,0,98266,2021-01-26,9718
3,0,98269,2021-01-26,12970
8,0,98278,2021-01-26,12971
6,0,98288,2021-01-27,12972
8,0,98289,2021-01-27,12973
3,0,98289,2021-01-27,12973
6,0,98248,2021-01-27,12897
2,0,98305,2021-01-27,12974
8,0,98353,2021-01-29,12975
3,0,98353,2021-01-29,12975
8,0,98365,2021-01-29,12976
8,0,98368,2021-01-29,12977
6,0,98371,2021-01-30,3442
6,0,98381,2021-01-30,8927
6,0,98383,2021-01-30,10191
3,0,98407,2021-02-01,12978
6,0,98409,2021-02-01,7319
6,84224,0,2021-02-01,140
5,0,98414,2021-02-01,12979
1,0,98416,2021-02-01,12980
6,0,98419,2021-02-01,11276
3,0,98426,2021-02-01,12981
6,0,98434,2021-02-01,5668
8,0,98436,2021-02-01,12982
6,0,98437,2021-02-01,11071
6,0,98438,2021-02-01,10479
1,0,98441,2021-02-02,12983
6,0,98451,2021-02-02,9626
1,0,98458,2021-02-02,12984
1,0,98473,2021-02-03,12986
3,0,98479,2021-02-03,12987
3,0,98483,2021-02-03,12988
6,0,98509,2021-02-04,5213
6,0,98526,2021-02-04,10249
6,0,98543,2021-02-05,10364
5,0,98544,2021-02-05,12989
6,0,98553,2021-02-05,12990
8,0,98554,2021-02-05,12991
3,0,98559,2021-02-05,12992
3,0,98560,2021-02-05,12993
6,0,98562,2021-02-06,976
6,0,98566,2021-02-06,12994
6,0,98570,2021-02-06,12995
6,0,98572,2021-02-06,11150
3,0,98575,2021-02-06,12996
6,0,98577,2021-02-06,7492
6,0,98583,2021-02-07,10109
6,0,98585,2021-02-07,12997
3,0,98585,2021-02-07,12997
3,0,98598,2021-02-08,12998
3,0,98611,2021-02-08,12999
3,0,98623,2021-02-09,13000
3,0,98628,2021-02-09,13001
1,0,98657,2021-02-10,13003
1,0,98658,2021-02-10,13005
3,0,98677,2021-02-11,13006
6,84536,0,2021-02-11,12570
1,0,98680,2021-02-11,13007
6,0,98685,2021-02-11,9410
8,0,98695,2021-02-11,13008
6,0,98698,2021-02-11,11459
3,0,98700,2021-02-11,13009
5,0,98702,2021-02-11,13010
6,0,98717,2021-02-12,7687
2,0,98724,2021-02-12,13011
8,0,98741,2021-02-13,13012
3,0,98742,2021-02-13,13013
2,0,98775,2021-02-15,13015
6,0,98790,2021-02-16,13016
1,0,98807,2021-02-17,13017
5,0,98830,2021-02-18,13018
5,0,98835,2021-02-18,13019
5,0,98844,2021-02-18,13020
5,0,98855,2021-02-19,13021
1,0,98858,2021-02-19,13022
1,0,98859,2021-02-19,13023
6,0,98901,2021-02-20,5103
3,0,98903,2021-02-20,13025
6,0,98931,2021-02-22,8114
2,0,98947,2021-02-22,13026
6,0,98985,2021-02-24,10711
5,0,99007,2021-02-24,13027
6,0,99022,2021-02-25,8170
5,0,99027,2021-02-25,13028
3,0,99039,2021-02-26,13029
8,0,99063,2021-02-27,13030
2,0,99068,2021-02-27,13031
5,0,99081,2021-02-28,13032
6,0,99099,2021-03-01,3919
2,0,99112,2021-03-01,13033
5,0,99122,2021-03-02,13034
6,0,99146,2021-03-03,13035
3,0,99151,2021-03-03,13036
6,0,99154,2021-03-03,13037
6,0,99209,2021-03-05,11838
5,0,99225,2021-03-06,13038
6,0,99226,2021-03-06,7684
5,0,99254,2021-03-09,13040
3,0,99262,2021-03-09,13041
6,0,99272,2021-03-09,8418
6,0,99286,2021-03-09,11304
8,0,99292,2021-03-09,8994
6,0,99294,2021-03-10,6372
6,0,99303,2021-03-10,9536
6,0,99308,2021-03-10,10243
6,0,99309,2021-03-10,7398
6,0,99316,2021-03-10,11842
6,0,99332,2021-03-11,623
6,0,99333,2021-03-11,13031
6,0,99335,2021-03-11,4195
1,0,99371,2021-03-13,13042
6,0,99380,2021-03-13,1391
6,0,99387,2021-03-13,4135
8,0,99390,2021-03-13,13043
6,0,99394,2021-03-14,11227
6,0,99395,2021-03-14,8093
6,0,99439,2021-03-16,6462
6,0,99442,2021-03-16,13044
6,0,99462,2021-03-17,13046
2,0,99464,2021-03-17,13047
6,0,99468,2021-03-17,13048
2,0,99480,2021-03-17,13049
6,0,99487,2021-03-18,7221
6,0,99503,2021-03-18,13051
1,0,99514,2021-03-18,13052
6,0,99530,2021-03-19,5039
4,0,99535,2021-03-19,13053
6,0,99536,2021-03-19,5629
6,0,99561,2021-03-21,13054
6,0,99601,2021-03-23,13055
5,0,99609,2021-03-23,13056
6,0,99622,2021-03-23,6212
8,0,99624,2021-03-23,13057
5,0,99627,2021-03-23,13058
1,0,99628,2021-03-24,13059
6,0,99630,2021-03-24,13060
6,0,99642,2021-03-24,11861
5,0,99650,2021-03-24,13061
6,0,99655,2021-03-25,1973
6,0,99656,2021-03-25,4767
6,0,99668,2021-03-25,13062
3,0,99670,2021-03-25,13063
1,0,99676,2021-03-26,13064
6,0,99683,2021-03-26,11833
1,0,99687,2021-03-26,13065
1,0,99696,2021-03-26,13067
5,0,99718,2021-03-27,13068
6,0,99719,2021-03-27,11584
6,0,99740,2021-03-29,7572
6,0,99744,2021-03-29,9131
8,0,99755,2021-03-29,13069
5,0,99770,2021-03-30,13070
6,0,99777,2021-03-30,9704
5,0,99778,2021-03-30,13071
3,0,0,2021-03-31,13072
6,85739,99812,2021-04-01,6300
6,85740,99813,2021-04-01,5544
6,85741,99813,2021-04-01,5544
6,85743,99814,2021-04-01,7991
2,0,0,2021-04-01,13073
3,0,0,2021-04-02,13074
5,0,0,2021-04-03,13075
3,0,0,2021-04-04,13076
6,0,0,2021-04-06,13077
3,0,0,2021-04-06,13078
3,0,0,2021-04-06,13079
6,85862,0,2021-04-07,5453
8,0,0,2021-04-07,13080
5,0,0,2021-04-08,13081
8,0,0,2021-04-08,13082
5,0,0,2021-04-09,13083
8,0,0,2021-04-09,13084
1,0,0,2021-04-10,13085
1,0,0,2021-04-12,13086
6,0,0,2021-04-13,13087
3,0,0,2021-04-14,13088
5,0,0,2021-04-14,13089
3,0,0,2021-04-14,13091
3,0,0,2021-04-15,13092
6,86093,100144,2021-04-16,9085
3,0,0,2021-04-16,13093
5,0,0,2021-04-16,13094
6,0,0,2021-04-17,13095
5,0,0,2021-04-17,13096
6,86141,100187,2021-04-19,6177
8,0,0,2021-04-19,13097
1,86165,100217,2021-04-20,6352
5,0,0,2021-04-21,13099
5,0,0,2021-04-21,13100
8,0,0,2021-04-22,13101
1,0,0,2021-04-22,13102
8,0,0,2021-04-23,13104
6,86252,100316,2021-04-24,5340
8,0,0,2021-04-25,13106
6,86279,100355,2021-04-26,10774
5,0,0,2021-04-27,13107
9,0,0,2021-04-27,13108
4,0,0,2021-04-27,13109
5,0,0,2021-04-28,13110
3,0,0,2021-04-28,13112
5,0,0,2021-04-29,13113
5,0,0,2021-04-29,13114
6,86333,100422,2021-04-29,9496
6,0,0,2021-04-29,13115
1,0,0,2021-04-29,13116
9,0,0,2021-04-29,13116
6,0,100460,2021-04-30,3860
5,0,0,2021-05-01,13117
6,86399,100489,2021-05-02,11706
1,0,0,2021-05-04,13118
5,0,0,2021-05-04,13118
6,86437,100528,2021-05-04,8450
8,0,0,2021-05-04,13119
3,0,0,2021-05-05,13120
6,86476,100566,2021-05-06,3431
5,0,0,2021-05-07,13131
5,0,0,2021-05-07,13135
8,0,0,2021-05-08,13136
5,0,0,2021-05-08,13137
6,86540,100636,2021-05-09,5923
6,86541,100636,2021-05-09,5923
5,0,0,2021-05-10,13138
5,0,0,2021-05-11,13139
6,86579,100682,2021-05-11,4873
4,0,0,2021-05-13,13141
6,86604,100716,2021-05-13,7098
6,86605,100716,2021-05-13,7098
6,86609,100720,2021-05-13,8317
6,0,0,2021-05-13,13142
1,0,0,2021-05-15,13143
1,0,0,2021-05-17,13146
6,0,100779,2021-05-17,9507
6,86688,100788,2021-05-18,9090
5,0,0,2021-05-19,13147
9,0,0,2021-05-19,13148
3,0,0,2021-05-20,13149
1,0,0,2021-05-21,13150
6,0,0,2021-05-22,13151
2,0,0,2021-05-22,13152
6,86839,100924,2021-05-25,8860
5,0,0,2021-05-25,13154
6,86905,100990,2021-05-27,5637
6,86914,101003,2021-05-27,11167
3,0,0,2021-05-28,13159
8,0,0,2021-05-29,13160
1,86983,0,2021-05-30,12876
5,0,0,2021-05-31,13162
6,86999,101079,2021-06-01,6267
6,87009,101097,2021-06-01,11843
5,0,0,2021-06-01,13164
1,0,0,2021-06-02,13165
1,0,0,2021-06-02,13166
5,0,0,2021-06-03,13167
1,0,0,2021-06-03,13168
6,0,101160,2021-06-04,9786
6,0,0,2021-06-04,13169
6,87093,101182,2021-06-04,8465
3,0,0,2021-06-04,13170
5,0,0,2021-06-05,13171
5,0,0,2021-06-05,13172
5,0,0,2021-06-05,13173
6,0,0,2021-06-07,13174
1,0,0,2021-06-07,13175
6,0,101236,2021-06-07,4881
6,0,101240,2021-06-07,11045
6,87169,101246,2021-06-08,6050
1,0,0,2021-06-09,13176
9,0,0,2021-06-09,13177
2,0,0,2021-06-09,13177
6,87232,101299,2021-06-10,5763
6,87252,101319,2021-06-11,8332
6,0,101323,2021-06-11,10789
5,0,0,2021-06-12,13178
6,0,0,2021-06-12,13179
3,0,0,2021-06-12,13180
3,0,0,2021-06-12,13181
6,0,101348,2021-06-12,8221
8,0,0,2021-06-12,13182
6,0,0,2021-06-13,13183
5,0,0,2021-06-14,13184
6,0,101386,2021-06-14,10628
5,0,0,2021-06-16,13185
5,0,0,2021-06-16,13189
6,0,0,2021-06-17,13191
6,0,0,2021-06-21,13192
6,87496,101526,2021-06-21,8204
6,87517,101554,2021-06-22,4780
1,0,0,2021-06-23,13194
6,87532,101579,2021-06-23,3698
5,0,0,2021-06-24,13195
6,87536,101587,2021-06-24,10269
6,0,0,2021-06-25,13196
6,0,101643,2021-06-26,5273
6,0,0,2021-06-26,13197
3,0,0,2021-06-26,13198
6,87624,101671,2021-06-28,509
8,0,0,2021-06-28,13199
5,0,0,2021-06-29,13200
6,87654,101697,2021-06-29,8116
9,0,0,2021-06-30,13202
5,0,0,2021-06-30,13202
3,0,0,2021-07-01,13203
3,0,0,2021-07-01,13205
3,0,0,2021-07-02,13206
6,0,0,2021-07-02,13207
5,0,0,2021-07-02,13208
4,0,0,2021-07-03,13209
2,0,0,2021-07-05,13210
6,87762,101824,2021-07-05,6517
6,0,101836,2021-07-05,7996
5,0,0,2021-07-06,13211
9,0,0,2021-07-06,13212
6,87805,101867,2021-07-06,5194
5,0,0,2021-07-07,13213
6,87830,101900,2021-07-08,4731
3,0,0,2021-07-08,13214
6,87843,0,2021-07-08,571
6,0,0,2021-07-08,13215
5,0,0,2021-07-09,13217
5,0,0,2021-07-10,13218
6,0,101969,2021-07-10,7794
6,87921,101989,2021-07-12,6433
6,87929,101999,2021-07-12,4481
6,87936,102005,2021-07-12,10289
3,0,0,2021-07-12,13219
1,0,0,2021-07-13,13220
5,0,0,2021-07-13,13224
5,0,0,2021-07-13,13225
6,87999,102094,2021-07-14,6041
6,88009,102103,2021-07-15,9805
3,0,0,2021-07-17,13230
2,0,0,2021-07-17,13231
3,0,0,2021-07-18,13232
9,0,0,2021-07-19,13233
5,0,0,2021-07-19,13234
6,88139,102233,2021-07-19,7044
3,0,0,2021-07-19,13235
6,0,0,2021-07-20,13236
5,0,0,2021-07-21,13238
6,88182,102297,2021-07-21,11826
6,0,0,2021-07-22,13240
9,0,0,2021-07-23,13242
6,88242,102374,2021-07-24,11156
3,0,0,2021-07-25,13243
6,0,102415,2021-07-26,11678
3,0,0,2021-07-27,13245
6,0,0,2021-07-27,13246
3,0,0,2021-07-27,13246
5,0,0,2021-07-27,13247
3,0,0,2021-07-27,13249
1,0,0,2021-07-28,13251
1,0,0,2021-07-28,13252
3,0,0,2021-07-28,13253
6,88330,102483,2021-07-28,8627
1,0,0,2021-07-29,13254
6,0,0,2021-07-29,13255
3,0,0,2021-07-29,13257
6,88365,102532,2021-07-31,11458
6,88369,102535,2021-07-31,5936
6,0,0,2021-07-31,13259
1,0,0,2021-08-01,13260
6,0,0,2021-08-02,13262
8,0,0,2021-08-02,13263
3,0,0,2021-08-03,13264
6,88439,102619,2021-08-04,7258
6,88444,102626,2021-08-04,4106
3,0,0,2021-08-04,13266
5,0,0,2021-08-05,13267
1,0,0,2021-08-05,13268
6,0,0,2021-08-06,13269
3,0,0,2021-08-06,13270
3,0,0,2021-08-06,13271
3,0,0,2021-08-07,13272
5,0,0,2021-08-07,13273
6,88529,102726,2021-08-07,5603
6,88539,102740,2021-08-09,7959
6,0,0,2021-08-09,13274
5,0,0,2021-08-09,13275
6,88553,102754,2021-08-09,8380
3,0,0,2021-08-10,13276
6,0,0,2021-08-10,13278
6,0,0,2021-08-12,13279
1,0,0,2021-08-12,13280
5,0,0,2021-08-13,13281
5,0,0,2021-08-13,13282
8,0,0,2021-08-13,13283
8,0,0,2021-08-13,13284
3,0,0,2021-08-14,13285
6,88675,102893,2021-08-14,6323
2,0,0,2021-08-15,13286
5,0,0,2021-08-16,13287
5,0,0,2021-08-17,13288
6,0,0,2021-08-17,13289
6,0,102998,2021-08-19,431
3,0,0,2021-08-21,13290
3,0,0,2021-08-21,13291
1,0,0,2021-08-23,13292
1,0,0,2021-08-23,13293
6,0,0,2021-08-23,13294
6,88856,103089,2021-08-24,10040
6,0,103104,2021-08-24,11589
6,0,0,2021-08-24,13295
6,88872,103107,2021-08-24,4187
1,0,0,2021-08-25,13296
6,88897,103132,2021-08-25,11282
3,0,0,2021-08-25,13299
2,0,0,2021-08-25,13300
6,88919,103149,2021-08-26,11439
3,0,0,2021-08-27,13302
3,0,0,2021-08-27,13303
3,0,0,2021-08-28,13304
1,0,0,2021-08-30,13305
5,0,0,2021-08-30,13306
6,89036,103289,2021-08-31,10008
6,0,0,2021-09-01,13308
5,0,0,2021-09-01,13309
9,0,0,2021-09-01,13310
6,0,0,2021-09-02,13312
3,0,0,2021-09-03,13313
3,0,0,2021-09-04,13316
6,0,0,2021-09-04,13317
6,89122,103405,2021-09-04,7891
3,0,0,2021-09-06,13318
6,89152,103435,2021-09-06,10877
3,0,0,2021-09-06,13319
5,0,0,2021-09-07,13320
3,0,0,2021-09-08,13321
5,0,0,2021-09-10,13323
6,0,0,2021-09-11,13324
6,89255,103557,2021-09-11,9281
5,0,0,2021-09-14,13326
3,0,0,2021-09-14,13327
3,0,0,2021-09-15,13328
1,0,0,2021-09-15,13330
6,89328,103635,2021-09-15,7609
6,89329,103635,2021-09-15,7609
6,0,0,2021-09-15,13331
6,0,0,2021-09-15,13332
9,0,0,2021-09-15,13333
1,0,0,2021-09-16,13334
6,89352,103667,2021-09-16,5125
6,89353,103667,2021-09-16,5125
5,0,0,2021-09-16,13335
3,0,0,2021-09-17,13336
6,89386,103705,2021-09-17,7725
6,89401,103721,2021-09-17,11556
6,89402,103721,2021-09-17,11556
1,0,0,2021-09-18,13338
9,0,0,2021-09-18,13339
3,0,0,2021-09-19,13340
5,0,0,2021-09-20,13342
3,0,0,2021-09-21,13344
6,0,103727,2021-09-18,6367
6,89501,103826,2021-09-22,2321
5,0,0,2021-09-27,13348
6,89613,103943,2021-09-27,6226
8,0,0,2021-09-29,13349
9,0,0,2021-09-29,13351
6,89675,104015,2021-09-30,9604
5,0,0,2021-10-01,13352
5,0,0,2021-10-01,13353
3,0,0,2021-10-05,13356
6,0,0,2021-10-05,13357
3,0,0,2021-10-06,13358
5,0,0,2021-10-06,13359
1,0,0,2021-10-06,13360
3,0,0,2021-10-06,13361
6,89865,104208,2021-10-07,7579
6,89867,104208,2021-10-07,7579
6,89881,0,2021-10-08,13239
2,0,0,2021-10-11,13363
6,89928,104304,2021-10-11,9803
1,0,0,2021-10-11,13364
3,0,0,2021-10-11,13365
2,0,0,2021-10-14,13368
5,0,0,2021-10-16,13369
6,90073,104458,2021-10-18,2809
3,0,0,2021-10-18,13370
1,0,0,2021-10-18,13371
3,0,0,2021-10-19,13372
1,0,0,2021-10-20,13373
6,90125,104524,2021-10-20,7950
5,0,0,2021-10-20,13374
6,0,0,2021-10-22,13375
5,0,0,2021-10-25,13376
6,90207,104620,2021-10-25,7869
3,0,0,2021-10-25,13377
5,0,0,2021-10-26,13378
6,0,104635,2021-10-26,6155
6,90263,104683,2021-10-28,11611
6,90264,104683,2021-10-28,11611
5,0,0,2021-10-29,13379
5,0,0,2021-11-01,13380
2,0,0,2021-11-02,13381
1,0,0,2021-11-03,13382
3,0,0,2021-11-03,13383
3,90358,104792,2021-11-03,6225
6,90361,104798,2021-11-04,8344
9,0,0,2021-11-04,13384
6,90372,104820,2021-11-04,8147
9,0,0,2021-11-05,13385
6,90459,104922,2021-11-08,10693
6,90460,104923,2021-11-08,10914
5,0,0,2021-11-08,13386
5,0,0,2021-11-09,13387
6,90476,104951,2021-11-09,4078
5,0,0,2021-11-11,13389
3,0,0,2021-11-11,13390
5,0,0,2021-11-12,13391
5,0,0,2021-11-13,13392
6,90548,105049,2021-11-13,11815
3,0,0,2021-11-15,13393
6,90581,105074,2021-11-15,8901
6,90584,105075,2021-11-15,10716
5,0,0,2021-11-17,13394
3,0,0,2021-11-18,13395
6,90673,105203,2021-11-19,9347
6,90696,105220,2021-11-20,5682
6,90699,105223,2021-11-20,9386
1,0,0,2021-11-20,13396
8,0,0,2021-11-22,13397
3,0,0,2021-11-23,13401
1,0,0,2021-11-24,13402
8,0,0,2021-11-25,13403
9,90809,105352,2021-11-25,7962
8,0,0,2021-11-25,13404
6,90813,105357,2021-11-25,10805
9,0,0,2021-11-26,13405
3,0,0,2021-11-27,13406
6,90876,105413,2021-11-29,4803
6,90877,105413,2021-11-29,4803
1,90891,105432,2021-11-29,11508
3,0,0,2021-11-30,13407
1,0,0,2021-12-01,13408
6,90949,105483,2021-12-02,9288
5,0,0,2021-12-02,13409
8,0,0,2021-12-03,13410
3,0,0,2021-12-04,13411
5,0,0,2021-12-04,13411
3,91043,105591,2021-12-07,11554
1,0,0,2021-12-08,13412
9,0,0,2021-12-10,13413
5,0,0,2021-12-10,13414
9,91124,105686,2021-12-10,11243
9,91125,105686,2021-12-10,11243
3,0,0,2021-12-10,13415
3,0,0,2021-12-13,13417
6,91184,105735,2021-12-13,5581
6,91185,105735,2021-12-14,5581
6,0,0,2021-12-15,13420
6,91224,105792,2021-12-15,5390
3,0,0,2021-12-15,13421
6,91256,105822,2021-12-16,3692
5,0,0,2021-12-17,13423
6,91278,105844,2021-12-17,10167
6,91304,105867,2021-12-18,4422
6,0,0,2021-12-18,13424
6,91320,105877,2021-12-18,11406
3,91375,105929,2021-12-21,11177
3,91376,105929,2021-12-21,11177
1,0,0,2021-12-22,13426
3,0,0,2021-12-24,13427
6,0,0,2021-12-24,13428
5,0,0,2021-12-26,13429
6,0,0,2021-12-27,13430
6,91488,106070,2021-12-28,6449
5,0,0,2021-12-30,13431
9,0,0,2021-12-30,13433
6,91530,106132,2021-12-30,8416
6,91531,106132,2021-12-30,8416
5,91534,106135,2021-12-31,8390
2,0,0,2021-12-31,13434
5,0,0,2022-01-03,13435
6,91613,106220,2022-01-05,9819
6,91615,106223,2022-01-05,5088
9,0,0,2022-01-05,13438
9,0,0,2022-01-07,13439
5,0,0,2022-01-07,13440
5,0,0,2022-01-07,13441
5,0,0,2022-01-08,13442
6,0,0,2022-01-08,13443
5,0,0,2022-01-08,13444
6,91651,106280,2022-01-09,9696
6,91652,106279,2022-01-09,6365
5,0,0,2022-01-09,13445
6,91661,106279,2022-01-10,6365
1,0,0,2022-01-10,13446
1,0,0,2022-01-10,13447
5,0,0,2022-01-10,13448
1,0,0,2022-01-10,13449
5,0,0,2022-01-11,13450
6,0,0,2022-01-11,13451
8,0,0,2022-01-12,13453
2,0,0,2022-01-12,13454
5,0,0,2022-01-12,13455
8,0,0,2022-01-12,13456
6,0,0,2022-01-13,13457
5,0,0,2022-01-13,13458
5,0,0,2022-01-13,13459
9,0,0,2022-01-13,13461
5,0,0,2022-01-13,13461
1,0,0,2022-01-15,13463
6,0,0,2022-01-17,13464
1,91830,106521,2022-01-18,2533
1,0,0,2022-01-18,13466
1,0,0,2022-01-18,13467
1,0,0,2022-01-19,13468
6,91860,106568,2022-01-19,11262
6,0,106592,2022-01-20,6499
5,0,0,2022-01-21,13470
3,0,0,2022-01-21,13471
8,0,0,2022-01-23,13472
6,0,106665,2022-01-23,8412
3,0,0,2022-01-24,13473
6,91949,106701,2022-01-24,9995
9,0,0,2022-01-25,13474
6,0,0,2022-01-26,13478
9,0,0,2022-01-27,13479
9,0,0,2022-01-27,13480
1,0,0,2022-01-27,13481
1,0,0,2022-01-28,13482
8,0,0,2022-01-28,13482
1,0,0,2022-01-28,13483
1,0,0,2022-01-29,13484
1,92025,106793,2022-01-29,8953
3,0,0,2022-01-31,13485
1,0,0,2022-01-31,13486
1,0,0,2022-02-01,13487
9,0,0,2022-02-01,13488
6,0,0,2022-02-03,13489
3,0,0,2022-02-03,13490
9,0,0,2022-02-04,13491
6,92148,106944,2022-02-04,5237
6,92149,106947,2022-02-04,8092
9,0,0,2022-02-04,13492
5,0,0,2022-02-05,13493
5,0,0,2022-02-05,13494
3,0,0,2022-02-05,13495
3,0,0,2022-02-06,13496
5,0,0,2022-02-07,13497
5,0,0,2022-02-07,13498
1,0,0,2022-02-07,13499
5,0,0,2022-02-07,13499
5,0,0,2022-02-09,13500
5,0,0,2022-02-09,13501
6,92249,107088,2022-02-09,7337
5,0,0,2022-02-10,13502
3,0,0,2022-02-11,13503
6,92321,107178,2022-02-12,9077
6,0,107193,2022-02-14,2239
3,0,0,2022-02-14,13505
1,0,0,2022-02-15,13506
1,92372,107252,2022-02-15,11786
5,0,0,2022-02-16,13507
3,0,0,2022-02-16,13508
6,92393,107277,2022-02-16,9407
5,0,0,2022-02-18,13509
5,0,0,2022-02-18,13510
3,0,0,2022-02-19,13511
3,0,0,2022-02-20,13512
3,0,0,2022-02-21,13513
5,0,0,2022-02-21,13515
5,0,0,2022-02-22,13516
4,0,107449,2022-02-22,11884
9,92500,107449,2022-02-22,11884
3,92508,107465,2022-02-23,10155
3,0,0,2022-02-23,13517
3,0,0,2022-02-23,13518
1,0,0,2022-02-24,13519
1,0,0,2022-02-24,13520
9,0,0,2022-02-24,13520
5,0,0,2022-02-25,13521
5,92575,107572,2022-02-25,9274
6,92601,107604,2022-02-26,11779
6,92602,107604,2022-02-26,11779
6,0,0,2022-02-27,13522
9,0,0,2022-02-28,13523
5,0,0,2022-02-28,13524
8,0,0,2022-03-01,13525
6,0,0,2022-03-02,13526
3,0,107695,2022-03-02,2348
1,92660,107701,2022-03-02,2404
5,0,0,2022-03-04,13529
9,0,0,2022-03-04,13530
1,0,0,2022-03-05,13531
9,0,0,2022-03-05,13531
5,0,0,2022-03-05,13532
9,0,0,2022-03-06,13533
5,0,0,2022-03-07,13534
9,0,0,2022-03-08,13535
1,0,0,2022-03-09,13537
5,0,0,2022-03-10,13538
1,0,0,2022-03-10,13539
5,0,0,2022-03-10,13540
3,0,0,2022-03-12,13542
2,0,0,2022-03-12,13543
3,92869,107982,2022-03-13,9303
5,0,0,2022-03-13,13544
3,0,0,2022-03-13,13545
6,0,0,2022-03-13,13546
3,0,0,2022-03-14,13548
5,0,0,2022-03-14,13549
6,0,0,2022-03-14,13550
5,0,0,2022-03-14,13550
1,0,0,2022-03-14,13551
5,0,0,2022-03-14,13551
6,0,0,2022-03-15,13552
3,0,0,2022-03-15,13553
6,92947,108091,2022-03-16,11561
6,92950,108097,2022-03-16,11643
3,0,0,2022-03-16,13554
6,0,0,2022-03-16,13555
1,0,0,2022-03-17,13557
1,0,0,2022-03-17,13558
6,93008,108156,2022-03-18,3247
6,0,0,2022-03-18,13559
6,93039,108192,2022-03-19,9515
6,0,0,2022-03-19,13560
6,93057,0,2022-03-19,5678
9,0,108217,2022-03-19,13250
5,0,0,2022-03-21,13563
6,0,0,2022-03-23,13564
5,0,0,2022-03-23,13566
6,0,0,2022-03-24,13567
3,0,0,2022-03-25,13568
1,0,0,2022-03-25,13569
1,0,0,2022-03-26,13570
5,0,0,2022-03-26,13571
5,0,0,2022-03-26,13572
5,93221,108444,2022-03-27,2342
1,0,0,2022-03-28,13573
6,0,108451,2022-03-28,10931
9,0,0,2022-03-29,13575
6,0,0,2022-03-29,13576
5,0,0,2022-03-30,13577
5,0,0,2022-03-30,13578
5,0,0,2022-03-31,13579
5,0,0,2022-03-31,13580
1,0,0,2022-03-31,13581
3,0,0,2022-04-02,13582
3,0,0,2022-04-02,13583
5,0,0,2022-04-02,13584
5,0,0,2022-04-02,13585
9,0,0,2022-04-05,13586
5,0,0,2022-04-05,13587
6,0,0,2022-04-06,13588
6,0,0,2022-04-06,13589
5,0,0,2022-04-06,13590
1,0,0,2022-04-07,13591
3,0,0,2022-04-08,13592
5,93466,108757,2022-04-08,5534
1,0,0,2022-04-08,13593
1,0,0,2022-04-08,13594
6,93507,108802,2022-04-11,8139
5,0,0,2022-04-11,13596
5,0,0,2022-04-12,13597
8,0,0,2022-04-12,13598
6,93536,108853,2022-04-13,7692
5,0,0,2022-04-15,13602
6,0,108907,2022-04-16,9059
3,0,0,2022-04-17,13606
8,0,0,2022-04-17,13607
3,0,0,2022-04-18,13608
5,0,0,2022-04-18,13608
3,0,0,2022-04-18,13609
3,0,0,2022-04-18,13610
9,0,0,2022-04-18,13611
6,93632,108954,2022-04-18,2897
6,0,0,2022-04-19,13612
6,0,0,2022-04-19,13613
5,0,0,2022-04-20,13614
3,0,0,2022-04-22,13616
6,93718,109060,2022-04-22,4837
1,0,0,2022-04-23,13617
1,0,0,2022-04-23,13618
3,0,0,2022-04-25,13619
1,0,0,2022-04-25,13620
6,0,0,2022-04-26,13621
1,0,0,2022-04-26,13622
6,93781,109151,2022-04-26,11083
3,0,0,2022-04-27,13623
6,0,0,2022-04-29,13625
6,0,109219,2022-04-29,5750
3,0,0,2022-04-29,13627
5,0,0,2022-04-30,13628
3,0,0,2022-05-02,13629
3,0,0,2022-05-03,13630
9,0,0,2022-05-03,13631
6,93893,109298,2022-05-03,4801
1,0,0,2022-05-03,13632
6,93910,109319,2022-05-04,10320
3,0,0,2022-05-05,13633
5,0,0,2022-05-05,13633
6,0,0,2022-05-06,13634
1,0,0,2022-05-07,13635
6,93962,109387,2022-05-07,55
1,0,0,2022-05-07,13636
3,0,0,2022-05-08,13637
6,0,109412,2022-05-09,5521
1,0,0,2022-05-09,13639
6,93997,109449,2022-05-10,1577
5,0,0,2022-05-11,13640
5,0,0,2022-05-11,13641
1,0,0,2022-05-11,13642
9,0,0,2022-05-12,13643
1,0,0,2022-05-12,13645
8,0,0,2022-05-13,13646
3,0,0,2022-05-13,13647
1,0,0,2022-05-13,13648
5,0,0,2022-05-14,13649
9,0,0,2022-05-16,13651
3,0,0,2022-05-16,13653
5,0,0,2022-05-16,13653
1,0,0,2022-05-17,13654
6,94176,109661,2022-05-19,8318
3,0,0,2022-05-19,13656
6,94189,109679,2022-05-20,9032
5,0,0,2022-05-20,13657
1,0,0,2022-05-20,13658
1,0,0,2022-05-20,13659
6,94223,109723,2022-05-21,10166
1,0,0,2022-05-23,13660
1,0,0,2022-05-25,13661
3,94311,109846,2022-05-28,11741
3,0,0,2022-05-28,13662
3,0,0,2022-05-30,13663
3,0,0,2022-05-31,13664
1,0,0,2022-05-31,13665
3,0,0,2022-06-01,13668
6,94382,109923,2022-06-01,9658
6,94383,109923,2022-06-01,9658
1,0,0,2022-06-01,13670
6,94433,110017,2022-06-04,6349
6,0,110021,2022-06-04,9205
1,0,0,2022-06-05,13672
6,94459,110043,2022-06-06,7745
6,0,110080,2022-06-07,10627
6,0,110085,2022-06-07,10825
1,0,0,2022-06-07,13677
1,0,0,2022-06-07,13678
8,0,0,2022-06-07,13679
6,0,0,2022-06-08,13680
3,0,0,2022-06-11,13681
3,0,0,2022-06-12,13682
5,0,0,2022-06-13,13683
3,0,0,2022-06-13,13684
5,0,0,2022-06-15,13685
6,0,0,2022-06-16,13688
6,94624,110266,2022-06-18,11378
1,0,0,2022-06-19,13689
5,0,0,2022-06-21,13690
1,0,0,2022-06-22,13691
1,0,0,2022-06-22,13692
1,94703,110394,2022-06-23,10857
1,94705,110400,2022-06-23,159
3,0,0,2022-06-24,13693
3,0,0,2022-06-24,13694
5,0,0,2022-06-24,13695
5,0,0,2022-06-25,13696
5,0,0,2022-06-25,13697
2,0,0,2022-06-25,13698
1,0,0,2022-06-27,13699
5,0,0,2022-06-28,13700
5,0,0,2022-06-28,13701
5,0,0,2022-06-28,13702
5,0,0,2022-06-28,13703
8,0,0,2022-06-28,13704
6,0,0,2022-06-29,13705
2,0,0,2022-06-29,13706
1,0,0,2022-06-29,13708
1,0,0,2022-06-30,13711
5,0,0,2022-06-30,13711
1,0,0,2022-07-01,13713
1,0,0,2022-07-01,13714
1,94886,110591,2022-07-02,11583
3,0,0,2022-07-04,13715
3,0,0,2022-07-04,13716
6,94940,110654,2022-07-05,9585
6,94978,110700,2022-07-07,9330
1,0,0,2022-07-07,13717
6,94995,110721,2022-07-08,5101
3,0,0,2022-07-08,13718
5,0,0,2022-07-09,13723
3,0,0,2022-07-09,13724
5,0,0,2022-07-09,13725
6,95061,110770,2022-07-10,8427
5,0,0,2022-07-11,13727
5,0,0,2022-07-11,13728
1,0,0,2022-07-11,13729
1,0,0,2022-07-12,13730
9,0,0,2022-07-14,13731
6,95148,110884,2022-07-15,11429
1,0,0,2022-07-15,13732
1,0,0,2022-07-16,13733
1,0,0,2022-07-16,13734
1,0,0,2022-07-18,13735
6,0,0,2022-07-18,13737
3,0,0,2022-07-18,13738
1,95234,110967,2022-07-18,9266
1,0,0,2022-07-18,13739
3,0,0,2022-07-19,13741
1,0,0,2022-07-19,13742
1,0,0,2022-07-20,13743
5,0,0,2022-07-20,13744
6,95318,111064,2022-07-22,4775
5,95334,111076,2022-07-22,5844
1,0,0,2022-07-22,13747
5,0,0,2022-07-23,13748
3,0,0,2022-07-25,13749
6,95396,111159,2022-07-26,10520
1,0,0,2022-07-27,13750
6,95430,111211,2022-07-28,337
3,0,0,2022-07-29,13751
1,0,0,2022-07-29,13752
6,95487,111275,2022-07-30,8881
1,0,0,2022-07-30,13753
1,95492,111281,2022-07-30,1795
5,0,0,2022-08-01,13754
1,0,0,2022-08-02,13755
5,0,0,2022-08-02,13756
3,0,0,2022-08-03,13757
1,0,0,2022-08-03,13759
6,0,0,2022-08-04,13760
5,95577,111388,2022-08-04,5192
3,0,0,2022-08-06,13761
6,95627,111433,2022-08-08,8541
3,0,0,2022-08-10,13763
1,0,0,2022-08-11,13764
5,0,0,2022-08-12,13765
6,95713,111537,2022-08-12,6408
1,0,0,2022-08-13,13766
1,95735,111563,2022-08-13,5265
1,0,0,2022-08-13,13767
6,0,111575,2022-08-15,3703
3,0,0,2022-08-15,13768
3,0,0,2022-08-15,13771
6,95754,0,2022-08-15,6528
1,0,0,2022-08-15,13772
3,0,0,2022-08-16,13773
6,95789,111639,2022-08-16,8402
9,0,0,2022-08-18,13774
6,95853,111739,2022-08-20,9528
6,0,0,2022-08-23,13775
8,0,0,2022-08-24,13779
3,0,0,2022-08-24,13780
5,0,0,2022-08-25,13781
1,0,0,2022-08-25,13782
1,0,0,2022-08-25,13783
5,0,0,2022-08-26,13784
3,0,0,2022-08-26,13785
1,0,0,2022-08-26,13786
1,0,0,2022-08-27,13787
1,0,0,2022-08-27,13788
3,0,0,2022-08-29,13789
1,0,0,2022-09-01,13791
5,0,0,2022-09-03,13792
1,0,0,2022-09-03,13793
5,0,0,2022-09-03,13793
8,0,0,2022-09-05,13795
8,0,0,2022-09-05,13797
4,0,0,2022-09-05,13798
1,0,0,2022-09-06,13799
1,0,0,2022-09-06,13800
5,0,0,2022-09-07,13801
1,0,112157,2022-09-07,5311
1,0,0,2022-09-07,13802
6,0,112212,2022-09-09,10238
5,0,0,2022-09-09,13805
1,96258,112231,2022-09-10,11204
1,0,0,2022-09-10,13806
1,0,112236,2022-09-10,10331
1,0,0,2022-09-11,13808
5,0,0,2022-09-12,13809
1,0,0,2022-09-12,13810
6,96318,112304,2022-09-13,4249
1,96322,112318,2022-09-13,9531
1,0,0,2022-09-17,13815
6,96373,112388,2022-09-17,5182
6,0,0,2022-09-20,13816
3,0,0,2022-09-20,13817
3,0,0,2022-09-20,13818
1,0,0,2022-09-20,13819
1,0,0,2022-09-20,13820
3,0,0,2022-09-22,13821
8,0,0,2022-09-22,13822
9,0,0,2022-09-22,13823
1,0,0,2022-09-22,13824
6,0,0,2022-09-23,13826
6,0,0,2022-09-24,13827
6,96470,112520,2022-09-24,439
2,0,0,2022-09-26,13828
6,0,0,2022-09-27,13832
6,96550,112620,2022-09-30,9435
5,0,0,2022-10-01,13834
5,0,0,2022-10-03,13836
5,0,0,2022-10-03,13838
5,96616,112693,2022-10-03,10282
5,0,0,2022-10-03,13839
5,0,0,2022-10-03,13840
3,0,0,2022-10-04,13841
5,0,0,2022-10-06,13844
8,0,0,2022-10-07,13845
1,0,0,2022-10-08,13847
5,0,0,2022-10-10,13848
6,0,112846,2022-10-10,9355
6,0,112856,2022-10-10,11529
6,0,0,2022-10-10,13850
8,0,0,2022-10-10,13851
3,0,0,2022-10-11,13852
1,96780,112899,2022-10-11,7245
1,0,0,2022-10-11,13853
1,0,0,2022-10-11,13854
6,96820,112956,2022-10-14,10784
8,0,0,2022-10-15,13856
6,96841,112971,2022-10-15,5258
6,0,0,2022-10-17,13857
6,96870,113004,2022-10-18,7619
1,96901,113046,2022-10-19,2399
1,0,0,2022-10-19,13859
5,0,0,2022-10-20,13860
1,0,0,2022-10-22,13862
6,0,0,2022-10-23,13863
8,0,0,2022-10-25,13864
1,0,0,2022-10-25,13865
1,0,0,2022-10-25,13866
6,0,0,2022-10-26,13867
5,0,0,2022-10-27,13868
